ID,Type,Name,Documentation,Specialization
id-c17cad49d39a4960a2d53b8d0df0e182,ArchimateModel,Working_Model,,
id-81981b9d3f6c48ceb8ebc6c9b9402e29,BusinessActor,Business Actor,,
id-9abd5be21af1443ab226964d2e899af9,BusinessProcess,Business Process,,
id-65b9ddea999745c28b4025ca6a458f5c,ApplicationComponent,Application Component,,
id-cb19cc0bc4b8495cac4c93eac469e29d,ApplicationService,Application Service,,
id-6c55f8074c244a9d901aba120a7b5fac,Junction,Junction,,
id-dcaffe71f2384bc7a427fccfa7415269,Location,Location,,
dg-01,DataObject,Data_Group_01,,
dg-02,DataObject,Data_Group_02,,
dg-03,DataObject,Data_Group_03,,
dg-04,DataObject,Data_Group_04,,
dg-05,DataObject,Data_Group_05,,
dg-06,DataObject,Data_Group_06,,
dg-07,DataObject,Data_Group_07,,
dg-08,DataObject,Data_Group_08,,
dg-09,DataObject,Data_Group_09,,
dg-10,DataObject,Data_Group_10,,
do-0001,DataObject,Data_Object_0001,,
do-0002,DataObject,Data_Object_0002,,
do-0003,DataObject,Data_Object_0003,,
do-0004,DataObject,Data_Object_0004,,
do-0005,DataObject,Data_Object_0005,,
do-0006,DataObject,Data_Object_0006,,
do-0007,DataObject,Data_Object_0007,,
do-0008,DataObject,Data_Object_0008,,
do-0009,DataObject,Data_Object_0009,,
do-0010,DataObject,Data_Object_0010,,
do-0011,DataObject,Data_Object_0011,,
do-0012,DataObject,Data_Object_0012,,
do-0013,DataObject,Data_Object_0013,,
do-0014,DataObject,Data_Object_0014,,
do-0015,DataObject,Data_Object_0015,,
do-0016,DataObject,Data_Object_0016,,
do-0017,DataObject,Data_Object_0017,,
do-0018,DataObject,Data_Object_0018,,
do-0019,DataObject,Data_Object_0019,,
do-0020,DataObject,Data_Object_0020,,
do-0021,DataObject,Data_Object_0021,,
do-0022,DataObject,Data_Object_0022,,
do-0023,DataObject,Data_Object_0023,,
do-0024,DataObject,Data_Object_0024,,
do-0025,DataObject,Data_Object_0025,,
do-0026,DataObject,Data_Object_0026,,
do-0027,DataObject,Data_Object_0027,,
do-0028,DataObject,Data_Object_0028,,
do-0029,DataObject,Data_Object_0029,,
do-0030,DataObject,Data_Object_0030,,
do-0031,DataObject,Data_Object_0031,,
do-0032,DataObject,Data_Object_0032,,
do-0033,DataObject,Data_Object_0033,,
do-0034,DataObject,Data_Object_0034,,
do-0035,DataObject,Data_Object_0035,,
do-0036,DataObject,Data_Object_0036,,
do-0037,DataObject,Data_Object_0037,,
do-0038,DataObject,Data_Object_0038,,
do-0039,DataObject,Data_Object_0039,,
do-0040,DataObject,Data_Object_0040,,
do-0041,DataObject,Data_Object_0041,,
do-0042,DataObject,Data_Object_0042,,
do-0043,DataObject,Data_Object_0043,,
do-0044,DataObject,Data_Object_0044,,
do-0045,DataObject,Data_Object_0045,,
do-0046,DataObject,Data_Object_0046,,
do-0047,DataObject,Data_Object_0047,,
do-0048,DataObject,Data_Object_0048,,
do-0049,DataObject,Data_Object_0049,,
do-0050,DataObject,Data_Object_0050,,
do-0051,DataObject,Data_Object_0051,,
do-0052,DataObject,Data_Object_0052,,
do-0053,DataObject,Data_Object_0053,,
do-0054,DataObject,Data_Object_0054,,
do-0055,DataObject,Data_Object_0055,,
do-0056,DataObject,Data_Object_0056,,
do-0057,DataObject,Data_Object_0057,,
do-0058,DataObject,Data_Object_0058,,
do-0059,DataObject,Data_Object_0059,,
do-0060,DataObject,Data_Object_0060,,
do-0061,DataObject,Data_Object_0061,,
do-0062,DataObject,Data_Object_0062,,
do-0063,DataObject,Data_Object_0063,,
do-0064,DataObject,Data_Object_0064,,
do-0065,DataObject,Data_Object_0065,,
do-0066,DataObject,Data_Object_0066,,
do-0067,DataObject,Data_Object_0067,,
do-0068,DataObject,Data_Object_0068,,
do-0069,DataObject,Data_Object_0069,,
do-0070,DataObject,Data_Object_0070,,
do-0071,DataObject,Data_Object_0071,,
do-0072,DataObject,Data_Object_0072,,
do-0073,DataObject,Data_Object_0073,,
do-0074,DataObject,Data_Object_0074,,
do-0075,DataObject,Data_Object_0075,,
do-0076,DataObject,Data_Object_0076,,
do-0077,DataObject,Data_Object_0077,,
do-0078,DataObject,Data_Object_0078,,
do-0079,DataObject,Data_Object_0079,,
do-0080,DataObject,Data_Object_0080,,
do-0081,DataObject,Data_Object_0081,,
do-0082,DataObject,Data_Object_0082,,
do-0083,DataObject,Data_Object_0083,,
do-0084,DataObject,Data_Object_0084,,
do-0085,DataObject,Data_Object_0085,,
do-0086,DataObject,Data_Object_0086,,
do-0087,DataObject,Data_Object_0087,,
do-0088,DataObject,Data_Object_0088,,
do-0089,DataObject,Data_Object_0089,,
do-0090,DataObject,Data_Object_0090,,
do-0091,DataObject,Data_Object_0091,,
do-0092,DataObject,Data_Object_0092,,
do-0093,DataObject,Data_Object_0093,,
do-0094,DataObject,Data_Object_0094,,
do-0095,DataObject,Data_Object_0095,,
do-0096,DataObject,Data_Object_0096,,
do-0097,DataObject,Data_Object_0097,,
do-0098,DataObject,Data_Object_0098,,
do-0099,DataObject,Data_Object_0099,,
do-0100,DataObject,Data_Object_0100,,
do-0101,DataObject,Data_Object_0101,,
do-0102,DataObject,Data_Object_0102,,
do-0103,DataObject,Data_Object_0103,,
do-0104,DataObject,Data_Object_0104,,
do-0105,DataObject,Data_Object_0105,,
do-0106,DataObject,Data_Object_0106,,
do-0107,DataObject,Data_Object_0107,,
do-0108,DataObject,Data_Object_0108,,
do-0109,DataObject,Data_Object_0109,,
do-0110,DataObject,Data_Object_0110,,
do-0111,DataObject,Data_Object_0111,,
do-0112,DataObject,Data_Object_0112,,
do-0113,DataObject,Data_Object_0113,,
do-0114,DataObject,Data_Object_0114,,
do-0115,DataObject,Data_Object_0115,,
do-0116,DataObject,Data_Object_0116,,
do-0117,DataObject,Data_Object_0117,,
do-0118,DataObject,Data_Object_0118,,
do-0119,DataObject,Data_Object_0119,,
do-0120,DataObject,Data_Object_0120,,
do-0121,DataObject,Data_Object_0121,,
do-0122,DataObject,Data_Object_0122,,
do-0123,DataObject,Data_Object_0123,,
do-0124,DataObject,Data_Object_0124,,
do-0125,DataObject,Data_Object_0125,,
do-0126,DataObject,Data_Object_0126,,
do-0127,DataObject,Data_Object_0127,,
do-0128,DataObject,Data_Object_0128,,
do-0129,DataObject,Data_Object_0129,,
do-0130,DataObject,Data_Object_0130,,
do-0131,DataObject,Data_Object_0131,,
do-0132,DataObject,Data_Object_0132,,
do-0133,DataObject,Data_Object_0133,,
do-0134,DataObject,Data_Object_0134,,
do-0135,DataObject,Data_Object_0135,,
do-0136,DataObject,Data_Object_0136,,
do-0137,DataObject,Data_Object_0137,,
do-0138,DataObject,Data_Object_0138,,
do-0139,DataObject,Data_Object_0139,,
do-0140,DataObject,Data_Object_0140,,
do-0141,DataObject,Data_Object_0141,,
do-0142,DataObject,Data_Object_0142,,
do-0143,DataObject,Data_Object_0143,,
do-0144,DataObject,Data_Object_0144,,
do-0145,DataObject,Data_Object_0145,,
do-0146,DataObject,Data_Object_0146,,
do-0147,DataObject,Data_Object_0147,,
do-0148,DataObject,Data_Object_0148,,
do-0149,DataObject,Data_Object_0149,,
do-0150,DataObject,Data_Object_0150,,
do-0151,DataObject,Data_Object_0151,,
do-0152,DataObject,Data_Object_0152,,
do-0153,DataObject,Data_Object_0153,,
do-0154,DataObject,Data_Object_0154,,
do-0155,DataObject,Data_Object_0155,,
do-0156,DataObject,Data_Object_0156,,
do-0157,DataObject,Data_Object_0157,,
do-0158,DataObject,Data_Object_0158,,
do-0159,DataObject,Data_Object_0159,,
do-0160,DataObject,Data_Object_0160,,
do-0161,DataObject,Data_Object_0161,,
do-0162,DataObject,Data_Object_0162,,
do-0163,DataObject,Data_Object_0163,,
do-0164,DataObject,Data_Object_0164,,
do-0165,DataObject,Data_Object_0165,,
do-0166,DataObject,Data_Object_0166,,
do-0167,DataObject,Data_Object_0167,,
do-0168,DataObject,Data_Object_0168,,
do-0169,DataObject,Data_Object_0169,,
do-0170,DataObject,Data_Object_0170,,
do-0171,DataObject,Data_Object_0171,,
do-0172,DataObject,Data_Object_0172,,
do-0173,DataObject,Data_Object_0173,,
do-0174,DataObject,Data_Object_0174,,
do-0175,DataObject,Data_Object_0175,,
do-0176,DataObject,Data_Object_0176,,
do-0177,DataObject,Data_Object_0177,,
do-0178,DataObject,Data_Object_0178,,
do-0179,DataObject,Data_Object_0179,,
do-0180,DataObject,Data_Object_0180,,
do-0181,DataObject,Data_Object_0181,,
do-0182,DataObject,Data_Object_0182,,
do-0183,DataObject,Data_Object_0183,,
do-0184,DataObject,Data_Object_0184,,
do-0185,DataObject,Data_Object_0185,,
do-0186,DataObject,Data_Object_0186,,
do-0187,DataObject,Data_Object_0187,,
do-0188,DataObject,Data_Object_0188,,
do-0189,DataObject,Data_Object_0189,,
do-0190,DataObject,Data_Object_0190,,
do-0191,DataObject,Data_Object_0191,,
do-0192,DataObject,Data_Object_0192,,
do-0193,DataObject,Data_Object_0193,,
do-0194,DataObject,Data_Object_0194,,
do-0195,DataObject,Data_Object_0195,,
do-0196,DataObject,Data_Object_0196,,
do-0197,DataObject,Data_Object_0197,,
do-0198,DataObject,Data_Object_0198,,
do-0199,DataObject,Data_Object_0199,,
do-0200,DataObject,Data_Object_0200,,
do-0201,DataObject,Data_Object_0201,,
do-0202,DataObject,Data_Object_0202,,
do-0203,DataObject,Data_Object_0203,,
do-0204,DataObject,Data_Object_0204,,
do-0205,DataObject,Data_Object_0205,,
do-0206,DataObject,Data_Object_0206,,
do-0207,DataObject,Data_Object_0207,,
do-0208,DataObject,Data_Object_0208,,
do-0209,DataObject,Data_Object_0209,,
do-0210,DataObject,Data_Object_0210,,
do-0211,DataObject,Data_Object_0211,,
do-0212,DataObject,Data_Object_0212,,
do-0213,DataObject,Data_Object_0213,,
do-0214,DataObject,Data_Object_0214,,
do-0215,DataObject,Data_Object_0215,,
do-0216,DataObject,Data_Object_0216,,
do-0217,DataObject,Data_Object_0217,,
do-0218,DataObject,Data_Object_0218,,
do-0219,DataObject,Data_Object_0219,,
do-0220,DataObject,Data_Object_0220,,
do-0221,DataObject,Data_Object_0221,,
do-0222,DataObject,Data_Object_0222,,
do-0223,DataObject,Data_Object_0223,,
do-0224,DataObject,Data_Object_0224,,
do-0225,DataObject,Data_Object_0225,,
do-0226,DataObject,Data_Object_0226,,
do-0227,DataObject,Data_Object_0227,,
do-0228,DataObject,Data_Object_0228,,
do-0229,DataObject,Data_Object_0229,,
do-0230,DataObject,Data_Object_0230,,
do-0231,DataObject,Data_Object_0231,,
do-0232,DataObject,Data_Object_0232,,
do-0233,DataObject,Data_Object_0233,,
do-0234,DataObject,Data_Object_0234,,
do-0235,DataObject,Data_Object_0235,,
do-0236,DataObject,Data_Object_0236,,
do-0237,DataObject,Data_Object_0237,,
do-0238,DataObject,Data_Object_0238,,
do-0239,DataObject,Data_Object_0239,,
do-0240,DataObject,Data_Object_0240,,
do-0241,DataObject,Data_Object_0241,,
do-0242,DataObject,Data_Object_0242,,
do-0243,DataObject,Data_Object_0243,,
do-0244,DataObject,Data_Object_0244,,
do-0245,DataObject,Data_Object_0245,,
do-0246,DataObject,Data_Object_0246,,
do-0247,DataObject,Data_Object_0247,,
do-0248,DataObject,Data_Object_0248,,
do-0249,DataObject,Data_Object_0249,,
do-0250,DataObject,Data_Object_0250,,
do-0251,DataObject,Data_Object_0251,,
do-0252,DataObject,Data_Object_0252,,
do-0253,DataObject,Data_Object_0253,,
do-0254,DataObject,Data_Object_0254,,
do-0255,DataObject,Data_Object_0255,,
do-0256,DataObject,Data_Object_0256,,
do-0257,DataObject,Data_Object_0257,,
do-0258,DataObject,Data_Object_0258,,
do-0259,DataObject,Data_Object_0259,,
do-0260,DataObject,Data_Object_0260,,
do-0261,DataObject,Data_Object_0261,,
do-0262,DataObject,Data_Object_0262,,
do-0263,DataObject,Data_Object_0263,,
do-0264,DataObject,Data_Object_0264,,
do-0265,DataObject,Data_Object_0265,,
do-0266,DataObject,Data_Object_0266,,
do-0267,DataObject,Data_Object_0267,,
do-0268,DataObject,Data_Object_0268,,
do-0269,DataObject,Data_Object_0269,,
do-0270,DataObject,Data_Object_0270,,
do-0271,DataObject,Data_Object_0271,,
do-0272,DataObject,Data_Object_0272,,
do-0273,DataObject,Data_Object_0273,,
do-0274,DataObject,Data_Object_0274,,
do-0275,DataObject,Data_Object_0275,,
do-0276,DataObject,Data_Object_0276,,
do-0277,DataObject,Data_Object_0277,,
do-0278,DataObject,Data_Object_0278,,
do-0279,DataObject,Data_Object_0279,,
do-0280,DataObject,Data_Object_0280,,
do-0281,DataObject,Data_Object_0281,,
do-0282,DataObject,Data_Object_0282,,
do-0283,DataObject,Data_Object_0283,,
do-0284,DataObject,Data_Object_0284,,
do-0285,DataObject,Data_Object_0285,,
do-0286,DataObject,Data_Object_0286,,
do-0287,DataObject,Data_Object_0287,,
do-0288,DataObject,Data_Object_0288,,
do-0289,DataObject,Data_Object_0289,,
do-0290,DataObject,Data_Object_0290,,
do-0291,DataObject,Data_Object_0291,,
do-0292,DataObject,Data_Object_0292,,
do-0293,DataObject,Data_Object_0293,,
do-0294,DataObject,Data_Object_0294,,
do-0295,DataObject,Data_Object_0295,,
do-0296,DataObject,Data_Object_0296,,
do-0297,DataObject,Data_Object_0297,,
do-0298,DataObject,Data_Object_0298,,
do-0299,DataObject,Data_Object_0299,,
do-0300,DataObject,Data_Object_0300,,
do-0301,DataObject,Data_Object_0301,,
do-0302,DataObject,Data_Object_0302,,
do-0303,DataObject,Data_Object_0303,,
do-0304,DataObject,Data_Object_0304,,
do-0305,DataObject,Data_Object_0305,,
do-0306,DataObject,Data_Object_0306,,
do-0307,DataObject,Data_Object_0307,,
do-0308,DataObject,Data_Object_0308,,
do-0309,DataObject,Data_Object_0309,,
do-0310,DataObject,Data_Object_0310,,
do-0311,DataObject,Data_Object_0311,,
do-0312,DataObject,Data_Object_0312,,
do-0313,DataObject,Data_Object_0313,,
do-0314,DataObject,Data_Object_0314,,
do-0315,DataObject,Data_Object_0315,,
do-0316,DataObject,Data_Object_0316,,
do-0317,DataObject,Data_Object_0317,,
do-0318,DataObject,Data_Object_0318,,
do-0319,DataObject,Data_Object_0319,,
do-0320,DataObject,Data_Object_0320,,
do-0321,DataObject,Data_Object_0321,,
do-0322,DataObject,Data_Object_0322,,
do-0323,DataObject,Data_Object_0323,,
do-0324,DataObject,Data_Object_0324,,
do-0325,DataObject,Data_Object_0325,,
do-0326,DataObject,Data_Object_0326,,
do-0327,DataObject,Data_Object_0327,,
do-0328,DataObject,Data_Object_0328,,
do-0329,DataObject,Data_Object_0329,,
do-0330,DataObject,Data_Object_0330,,
do-0331,DataObject,Data_Object_0331,,
do-0332,DataObject,Data_Object_0332,,
do-0333,DataObject,Data_Object_0333,,
do-0334,DataObject,Data_Object_0334,,
do-0335,DataObject,Data_Object_0335,,
do-0336,DataObject,Data_Object_0336,,
do-0337,DataObject,Data_Object_0337,,
do-0338,DataObject,Data_Object_0338,,
do-0339,DataObject,Data_Object_0339,,
do-0340,DataObject,Data_Object_0340,,
do-0341,DataObject,Data_Object_0341,,
do-0342,DataObject,Data_Object_0342,,
do-0343,DataObject,Data_Object_0343,,
do-0344,DataObject,Data_Object_0344,,
do-0345,DataObject,Data_Object_0345,,
do-0346,DataObject,Data_Object_0346,,
do-0347,DataObject,Data_Object_0347,,
do-0348,DataObject,Data_Object_0348,,
do-0349,DataObject,Data_Object_0349,,
do-0350,DataObject,Data_Object_0350,,
do-0351,DataObject,Data_Object_0351,,
do-0352,DataObject,Data_Object_0352,,
do-0353,DataObject,Data_Object_0353,,
do-0354,DataObject,Data_Object_0354,,
do-0355,DataObject,Data_Object_0355,,
do-0356,DataObject,Data_Object_0356,,
do-0357,DataObject,Data_Object_0357,,
do-0358,DataObject,Data_Object_0358,,
do-0359,DataObject,Data_Object_0359,,
do-0360,DataObject,Data_Object_0360,,
do-0361,DataObject,Data_Object_0361,,
do-0362,DataObject,Data_Object_0362,,
do-0363,DataObject,Data_Object_0363,,
do-0364,DataObject,Data_Object_0364,,
do-0365,DataObject,Data_Object_0365,,
do-0366,DataObject,Data_Object_0366,,
do-0367,DataObject,Data_Object_0367,,
do-0368,DataObject,Data_Object_0368,,
do-0369,DataObject,Data_Object_0369,,
do-0370,DataObject,Data_Object_0370,,
do-0371,DataObject,Data_Object_0371,,
do-0372,DataObject,Data_Object_0372,,
do-0373,DataObject,Data_Object_0373,,
do-0374,DataObject,Data_Object_0374,,
do-0375,DataObject,Data_Object_0375,,
do-0376,DataObject,Data_Object_0376,,
do-0377,DataObject,Data_Object_0377,,
do-0378,DataObject,Data_Object_0378,,
do-0379,DataObject,Data_Object_0379,,
do-0380,DataObject,Data_Object_0380,,
do-0381,DataObject,Data_Object_0381,,
do-0382,DataObject,Data_Object_0382,,
do-0383,DataObject,Data_Object_0383,,
do-0384,DataObject,Data_Object_0384,,
do-0385,DataObject,Data_Object_0385,,
do-0386,DataObject,Data_Object_0386,,
do-0387,DataObject,Data_Object_0387,,
do-0388,DataObject,Data_Object_0388,,
do-0389,DataObject,Data_Object_0389,,
do-0390,DataObject,Data_Object_0390,,
do-0391,DataObject,Data_Object_0391,,
do-0392,DataObject,Data_Object_0392,,
do-0393,DataObject,Data_Object_0393,,
do-0394,DataObject,Data_Object_0394,,
do-0395,DataObject,Data_Object_0395,,
do-0396,DataObject,Data_Object_0396,,
do-0397,DataObject,Data_Object_0397,,
do-0398,DataObject,Data_Object_0398,,
do-0399,DataObject,Data_Object_0399,,
do-0400,DataObject,Data_Object_0400,,
do-0401,DataObject,Data_Object_0401,,
do-0402,DataObject,Data_Object_0402,,
do-0403,DataObject,Data_Object_0403,,
do-0404,DataObject,Data_Object_0404,,
do-0405,DataObject,Data_Object_0405,,
do-0406,DataObject,Data_Object_0406,,
do-0407,DataObject,Data_Object_0407,,
do-0408,DataObject,Data_Object_0408,,
do-0409,DataObject,Data_Object_0409,,
do-0410,DataObject,Data_Object_0410,,
do-0411,DataObject,Data_Object_0411,,
do-0412,DataObject,Data_Object_0412,,
do-0413,DataObject,Data_Object_0413,,
do-0414,DataObject,Data_Object_0414,,
do-0415,DataObject,Data_Object_0415,,
do-0416,DataObject,Data_Object_0416,,
do-0417,DataObject,Data_Object_0417,,
do-0418,DataObject,Data_Object_0418,,
do-0419,DataObject,Data_Object_0419,,
do-0420,DataObject,Data_Object_0420,,
do-0421,DataObject,Data_Object_0421,,
do-0422,DataObject,Data_Object_0422,,
do-0423,DataObject,Data_Object_0423,,
do-0424,DataObject,Data_Object_0424,,
do-0425,DataObject,Data_Object_0425,,
do-0426,DataObject,Data_Object_0426,,
do-0427,DataObject,Data_Object_0427,,
do-0428,DataObject,Data_Object_0428,,
do-0429,DataObject,Data_Object_0429,,
do-0430,DataObject,Data_Object_0430,,
do-0431,DataObject,Data_Object_0431,,
do-0432,DataObject,Data_Object_0432,,
do-0433,DataObject,Data_Object_0433,,
do-0434,DataObject,Data_Object_0434,,
do-0435,DataObject,Data_Object_0435,,
do-0436,DataObject,Data_Object_0436,,
do-0437,DataObject,Data_Object_0437,,
do-0438,DataObject,Data_Object_0438,,
do-0439,DataObject,Data_Object_0439,,
do-0440,DataObject,Data_Object_0440,,
do-0441,DataObject,Data_Object_0441,,
do-0442,DataObject,Data_Object_0442,,
do-0443,DataObject,Data_Object_0443,,
do-0444,DataObject,Data_Object_0444,,
do-0445,DataObject,Data_Object_0445,,
do-0446,DataObject,Data_Object_0446,,
do-0447,DataObject,Data_Object_0447,,
do-0448,DataObject,Data_Object_0448,,
do-0449,DataObject,Data_Object_0449,,
do-0450,DataObject,Data_Object_0450,,
do-0451,DataObject,Data_Object_0451,,
do-0452,DataObject,Data_Object_0452,,
do-0453,DataObject,Data_Object_0453,,
do-0454,DataObject,Data_Object_0454,,
do-0455,DataObject,Data_Object_0455,,
do-0456,DataObject,Data_Object_0456,,
do-0457,DataObject,Data_Object_0457,,
do-0458,DataObject,Data_Object_0458,,
do-0459,DataObject,Data_Object_0459,,
do-0460,DataObject,Data_Object_0460,,
do-0461,DataObject,Data_Object_0461,,
do-0462,DataObject,Data_Object_0462,,
do-0463,DataObject,Data_Object_0463,,
do-0464,DataObject,Data_Object_0464,,
do-0465,DataObject,Data_Object_0465,,
do-0466,DataObject,Data_Object_0466,,
do-0467,DataObject,Data_Object_0467,,
do-0468,DataObject,Data_Object_0468,,
do-0469,DataObject,Data_Object_0469,,
do-0470,DataObject,Data_Object_0470,,
do-0471,DataObject,Data_Object_0471,,
do-0472,DataObject,Data_Object_0472,,
do-0473,DataObject,Data_Object_0473,,
do-0474,DataObject,Data_Object_0474,,
do-0475,DataObject,Data_Object_0475,,
do-0476,DataObject,Data_Object_0476,,
do-0477,DataObject,Data_Object_0477,,
do-0478,DataObject,Data_Object_0478,,
do-0479,DataObject,Data_Object_0479,,
do-0480,DataObject,Data_Object_0480,,
do-0481,DataObject,Data_Object_0481,,
do-0482,DataObject,Data_Object_0482,,
do-0483,DataObject,Data_Object_0483,,
do-0484,DataObject,Data_Object_0484,,
do-0485,DataObject,Data_Object_0485,,
do-0486,DataObject,Data_Object_0486,,
do-0487,DataObject,Data_Object_0487,,
do-0488,DataObject,Data_Object_0488,,
do-0489,DataObject,Data_Object_0489,,
do-0490,DataObject,Data_Object_0490,,
do-0491,DataObject,Data_Object_0491,,
do-0492,DataObject,Data_Object_0492,,
do-0493,DataObject,Data_Object_0493,,
do-0494,DataObject,Data_Object_0494,,
do-0495,DataObject,Data_Object_0495,,
do-0496,DataObject,Data_Object_0496,,
do-0497,DataObject,Data_Object_0497,,
do-0498,DataObject,Data_Object_0498,,
do-0499,DataObject,Data_Object_0499,,
do-0500,DataObject,Data_Object_0500,,
do-0501,DataObject,Data_Object_0501,,
do-0502,DataObject,Data_Object_0502,,
do-0503,DataObject,Data_Object_0503,,
do-0504,DataObject,Data_Object_0504,,
do-0505,DataObject,Data_Object_0505,,
do-0506,DataObject,Data_Object_0506,,
do-0507,DataObject,Data_Object_0507,,
do-0508,DataObject,Data_Object_0508,,
do-0509,DataObject,Data_Object_0509,,
do-0510,DataObject,Data_Object_0510,,
do-0511,DataObject,Data_Object_0511,,
do-0512,DataObject,Data_Object_0512,,
do-0513,DataObject,Data_Object_0513,,
do-0514,DataObject,Data_Object_0514,,
do-0515,DataObject,Data_Object_0515,,
do-0516,DataObject,Data_Object_0516,,
do-0517,DataObject,Data_Object_0517,,
do-0518,DataObject,Data_Object_0518,,
do-0519,DataObject,Data_Object_0519,,
do-0520,DataObject,Data_Object_0520,,
do-0521,DataObject,Data_Object_0521,,
do-0522,DataObject,Data_Object_0522,,
do-0523,DataObject,Data_Object_0523,,
do-0524,DataObject,Data_Object_0524,,
do-0525,DataObject,Data_Object_0525,,
do-0526,DataObject,Data_Object_0526,,
do-0527,DataObject,Data_Object_0527,,
do-0528,DataObject,Data_Object_0528,,
do-0529,DataObject,Data_Object_0529,,
do-0530,DataObject,Data_Object_0530,,
do-0531,DataObject,Data_Object_0531,,
do-0532,DataObject,Data_Object_0532,,
do-0533,DataObject,Data_Object_0533,,
do-0534,DataObject,Data_Object_0534,,
do-0535,DataObject,Data_Object_0535,,
do-0536,DataObject,Data_Object_0536,,
do-0537,DataObject,Data_Object_0537,,
do-0538,DataObject,Data_Object_0538,,
do-0539,DataObject,Data_Object_0539,,
do-0540,DataObject,Data_Object_0540,,
do-0541,DataObject,Data_Object_0541,,
do-0542,DataObject,Data_Object_0542,,
do-0543,DataObject,Data_Object_0543,,
do-0544,DataObject,Data_Object_0544,,
do-0545,DataObject,Data_Object_0545,,
do-0546,DataObject,Data_Object_0546,,
do-0547,DataObject,Data_Object_0547,,
do-0548,DataObject,Data_Object_0548,,
do-0549,DataObject,Data_Object_0549,,
do-0550,DataObject,Data_Object_0550,,
do-0551,DataObject,Data_Object_0551,,
do-0552,DataObject,Data_Object_0552,,
do-0553,DataObject,Data_Object_0553,,
do-0554,DataObject,Data_Object_0554,,
do-0555,DataObject,Data_Object_0555,,
do-0556,DataObject,Data_Object_0556,,
do-0557,DataObject,Data_Object_0557,,
do-0558,DataObject,Data_Object_0558,,
do-0559,DataObject,Data_Object_0559,,
do-0560,DataObject,Data_Object_0560,,
do-0561,DataObject,Data_Object_0561,,
do-0562,DataObject,Data_Object_0562,,
do-0563,DataObject,Data_Object_0563,,
do-0564,DataObject,Data_Object_0564,,
do-0565,DataObject,Data_Object_0565,,
do-0566,DataObject,Data_Object_0566,,
do-0567,DataObject,Data_Object_0567,,
do-0568,DataObject,Data_Object_0568,,
do-0569,DataObject,Data_Object_0569,,
do-0570,DataObject,Data_Object_0570,,
do-0571,DataObject,Data_Object_0571,,
do-0572,DataObject,Data_Object_0572,,
do-0573,DataObject,Data_Object_0573,,
do-0574,DataObject,Data_Object_0574,,
do-0575,DataObject,Data_Object_0575,,
do-0576,DataObject,Data_Object_0576,,
do-0577,DataObject,Data_Object_0577,,
do-0578,DataObject,Data_Object_0578,,
do-0579,DataObject,Data_Object_0579,,
do-0580,DataObject,Data_Object_0580,,
do-0581,DataObject,Data_Object_0581,,
do-0582,DataObject,Data_Object_0582,,
do-0583,DataObject,Data_Object_0583,,
do-0584,DataObject,Data_Object_0584,,
do-0585,DataObject,Data_Object_0585,,
do-0586,DataObject,Data_Object_0586,,
do-0587,DataObject,Data_Object_0587,,
do-0588,DataObject,Data_Object_0588,,
do-0589,DataObject,Data_Object_0589,,
do-0590,DataObject,Data_Object_0590,,
do-0591,DataObject,Data_Object_0591,,
do-0592,DataObject,Data_Object_0592,,
do-0593,DataObject,Data_Object_0593,,
do-0594,DataObject,Data_Object_0594,,
do-0595,DataObject,Data_Object_0595,,
do-0596,DataObject,Data_Object_0596,,
do-0597,DataObject,Data_Object_0597,,
do-0598,DataObject,Data_Object_0598,,
do-0599,DataObject,Data_Object_0599,,
do-0600,DataObject,Data_Object_0600,,
do-0601,DataObject,Data_Object_0601,,
do-0602,DataObject,Data_Object_0602,,
do-0603,DataObject,Data_Object_0603,,
do-0604,DataObject,Data_Object_0604,,
do-0605,DataObject,Data_Object_0605,,
do-0606,DataObject,Data_Object_0606,,
do-0607,DataObject,Data_Object_0607,,
do-0608,DataObject,Data_Object_0608,,
do-0609,DataObject,Data_Object_0609,,
do-0610,DataObject,Data_Object_0610,,
do-0611,DataObject,Data_Object_0611,,
do-0612,DataObject,Data_Object_0612,,
do-0613,DataObject,Data_Object_0613,,
do-0614,DataObject,Data_Object_0614,,
do-0615,DataObject,Data_Object_0615,,
do-0616,DataObject,Data_Object_0616,,
do-0617,DataObject,Data_Object_0617,,
do-0618,DataObject,Data_Object_0618,,
do-0619,DataObject,Data_Object_0619,,
do-0620,DataObject,Data_Object_0620,,
do-0621,DataObject,Data_Object_0621,,
do-0622,DataObject,Data_Object_0622,,
do-0623,DataObject,Data_Object_0623,,
do-0624,DataObject,Data_Object_0624,,
do-0625,DataObject,Data_Object_0625,,
do-0626,DataObject,Data_Object_0626,,
do-0627,DataObject,Data_Object_0627,,
do-0628,DataObject,Data_Object_0628,,
do-0629,DataObject,Data_Object_0629,,
do-0630,DataObject,Data_Object_0630,,
do-0631,DataObject,Data_Object_0631,,
do-0632,DataObject,Data_Object_0632,,
do-0633,DataObject,Data_Object_0633,,
do-0634,DataObject,Data_Object_0634,,
do-0635,DataObject,Data_Object_0635,,
do-0636,DataObject,Data_Object_0636,,
do-0637,DataObject,Data_Object_0637,,
do-0638,DataObject,Data_Object_0638,,
do-0639,DataObject,Data_Object_0639,,
do-0640,DataObject,Data_Object_0640,,
do-0641,DataObject,Data_Object_0641,,
do-0642,DataObject,Data_Object_0642,,
do-0643,DataObject,Data_Object_0643,,
do-0644,DataObject,Data_Object_0644,,
do-0645,DataObject,Data_Object_0645,,
do-0646,DataObject,Data_Object_0646,,
do-0647,DataObject,Data_Object_0647,,
do-0648,DataObject,Data_Object_0648,,
do-0649,DataObject,Data_Object_0649,,
do-0650,DataObject,Data_Object_0650,,
do-0651,DataObject,Data_Object_0651,,
do-0652,DataObject,Data_Object_0652,,
do-0653,DataObject,Data_Object_0653,,
do-0654,DataObject,Data_Object_0654,,
do-0655,DataObject,Data_Object_0655,,
do-0656,DataObject,Data_Object_0656,,
do-0657,DataObject,Data_Object_0657,,
do-0658,DataObject,Data_Object_0658,,
do-0659,DataObject,Data_Object_0659,,
do-0660,DataObject,Data_Object_0660,,
do-0661,DataObject,Data_Object_0661,,
do-0662,DataObject,Data_Object_0662,,
do-0663,DataObject,Data_Object_0663,,
do-0664,DataObject,Data_Object_0664,,
do-0665,DataObject,Data_Object_0665,,
do-0666,DataObject,Data_Object_0666,,
do-0667,DataObject,Data_Object_0667,,
do-0668,DataObject,Data_Object_0668,,
do-0669,DataObject,Data_Object_0669,,
do-0670,DataObject,Data_Object_0670,,
do-0671,DataObject,Data_Object_0671,,
do-0672,DataObject,Data_Object_0672,,
do-0673,DataObject,Data_Object_0673,,
do-0674,DataObject,Data_Object_0674,,
do-0675,DataObject,Data_Object_0675,,
do-0676,DataObject,Data_Object_0676,,
do-0677,DataObject,Data_Object_0677,,
do-0678,DataObject,Data_Object_0678,,
do-0679,DataObject,Data_Object_0679,,
do-0680,DataObject,Data_Object_0680,,
do-0681,DataObject,Data_Object_0681,,
do-0682,DataObject,Data_Object_0682,,
do-0683,DataObject,Data_Object_0683,,
do-0684,DataObject,Data_Object_0684,,
do-0685,DataObject,Data_Object_0685,,
do-0686,DataObject,Data_Object_0686,,
do-0687,DataObject,Data_Object_0687,,
do-0688,DataObject,Data_Object_0688,,
do-0689,DataObject,Data_Object_0689,,
do-0690,DataObject,Data_Object_0690,,
do-0691,DataObject,Data_Object_0691,,
do-0692,DataObject,Data_Object_0692,,
do-0693,DataObject,Data_Object_0693,,
do-0694,DataObject,Data_Object_0694,,
do-0695,DataObject,Data_Object_0695,,
do-0696,DataObject,Data_Object_0696,,
do-0697,DataObject,Data_Object_0697,,
do-0698,DataObject,Data_Object_0698,,
do-0699,DataObject,Data_Object_0699,,
do-0700,DataObject,Data_Object_0700,,
do-0701,DataObject,Data_Object_0701,,
do-0702,DataObject,Data_Object_0702,,
do-0703,DataObject,Data_Object_0703,,
do-0704,DataObject,Data_Object_0704,,
do-0705,DataObject,Data_Object_0705,,
do-0706,DataObject,Data_Object_0706,,
do-0707,DataObject,Data_Object_0707,,
do-0708,DataObject,Data_Object_0708,,
do-0709,DataObject,Data_Object_0709,,
do-0710,DataObject,Data_Object_0710,,
do-0711,DataObject,Data_Object_0711,,
do-0712,DataObject,Data_Object_0712,,
do-0713,DataObject,Data_Object_0713,,
do-0714,DataObject,Data_Object_0714,,
do-0715,DataObject,Data_Object_0715,,
do-0716,DataObject,Data_Object_0716,,
do-0717,DataObject,Data_Object_0717,,
do-0718,DataObject,Data_Object_0718,,
do-0719,DataObject,Data_Object_0719,,
do-0720,DataObject,Data_Object_0720,,
do-0721,DataObject,Data_Object_0721,,
do-0722,DataObject,Data_Object_0722,,
do-0723,DataObject,Data_Object_0723,,
do-0724,DataObject,Data_Object_0724,,
do-0725,DataObject,Data_Object_0725,,
do-0726,DataObject,Data_Object_0726,,
do-0727,DataObject,Data_Object_0727,,
do-0728,DataObject,Data_Object_0728,,
do-0729,DataObject,Data_Object_0729,,
do-0730,DataObject,Data_Object_0730,,
do-0731,DataObject,Data_Object_0731,,
do-0732,DataObject,Data_Object_0732,,
do-0733,DataObject,Data_Object_0733,,
do-0734,DataObject,Data_Object_0734,,
do-0735,DataObject,Data_Object_0735,,
do-0736,DataObject,Data_Object_0736,,
do-0737,DataObject,Data_Object_0737,,
do-0738,DataObject,Data_Object_0738,,
do-0739,DataObject,Data_Object_0739,,
do-0740,DataObject,Data_Object_0740,,
do-0741,DataObject,Data_Object_0741,,
do-0742,DataObject,Data_Object_0742,,
do-0743,DataObject,Data_Object_0743,,
do-0744,DataObject,Data_Object_0744,,
do-0745,DataObject,Data_Object_0745,,
do-0746,DataObject,Data_Object_0746,,
do-0747,DataObject,Data_Object_0747,,
do-0748,DataObject,Data_Object_0748,,
do-0749,DataObject,Data_Object_0749,,
do-0750,DataObject,Data_Object_0750,,
do-0751,DataObject,Data_Object_0751,,
do-0752,DataObject,Data_Object_0752,,
do-0753,DataObject,Data_Object_0753,,
do-0754,DataObject,Data_Object_0754,,
do-0755,DataObject,Data_Object_0755,,
do-0756,DataObject,Data_Object_0756,,
do-0757,DataObject,Data_Object_0757,,
do-0758,DataObject,Data_Object_0758,,
do-0759,DataObject,Data_Object_0759,,
do-0760,DataObject,Data_Object_0760,,
do-0761,DataObject,Data_Object_0761,,
do-0762,DataObject,Data_Object_0762,,
do-0763,DataObject,Data_Object_0763,,
do-0764,DataObject,Data_Object_0764,,
do-0765,DataObject,Data_Object_0765,,
do-0766,DataObject,Data_Object_0766,,
do-0767,DataObject,Data_Object_0767,,
do-0768,DataObject,Data_Object_0768,,
do-0769,DataObject,Data_Object_0769,,
do-0770,DataObject,Data_Object_0770,,
do-0771,DataObject,Data_Object_0771,,
do-0772,DataObject,Data_Object_0772,,
do-0773,DataObject,Data_Object_0773,,
do-0774,DataObject,Data_Object_0774,,
do-0775,DataObject,Data_Object_0775,,
do-0776,DataObject,Data_Object_0776,,
do-0777,DataObject,Data_Object_0777,,
do-0778,DataObject,Data_Object_0778,,
do-0779,DataObject,Data_Object_0779,,
do-0780,DataObject,Data_Object_0780,,
do-0781,DataObject,Data_Object_0781,,
do-0782,DataObject,Data_Object_0782,,
do-0783,DataObject,Data_Object_0783,,
do-0784,DataObject,Data_Object_0784,,
do-0785,DataObject,Data_Object_0785,,
do-0786,DataObject,Data_Object_0786,,
do-0787,DataObject,Data_Object_0787,,
do-0788,DataObject,Data_Object_0788,,
do-0789,DataObject,Data_Object_0789,,
do-0790,DataObject,Data_Object_0790,,
do-0791,DataObject,Data_Object_0791,,
do-0792,DataObject,Data_Object_0792,,
do-0793,DataObject,Data_Object_0793,,
do-0794,DataObject,Data_Object_0794,,
do-0795,DataObject,Data_Object_0795,,
do-0796,DataObject,Data_Object_0796,,
do-0797,DataObject,Data_Object_0797,,
do-0798,DataObject,Data_Object_0798,,
do-0799,DataObject,Data_Object_0799,,
do-0800,DataObject,Data_Object_0800,,
do-0801,DataObject,Data_Object_0801,,
do-0802,DataObject,Data_Object_0802,,
do-0803,DataObject,Data_Object_0803,,
do-0804,DataObject,Data_Object_0804,,
do-0805,DataObject,Data_Object_0805,,
do-0806,DataObject,Data_Object_0806,,
do-0807,DataObject,Data_Object_0807,,
do-0808,DataObject,Data_Object_0808,,
do-0809,DataObject,Data_Object_0809,,
do-0810,DataObject,Data_Object_0810,,
do-0811,DataObject,Data_Object_0811,,
do-0812,DataObject,Data_Object_0812,,
do-0813,DataObject,Data_Object_0813,,
do-0814,DataObject,Data_Object_0814,,
do-0815,DataObject,Data_Object_0815,,
do-0816,DataObject,Data_Object_0816,,
do-0817,DataObject,Data_Object_0817,,
do-0818,DataObject,Data_Object_0818,,
do-0819,DataObject,Data_Object_0819,,
do-0820,DataObject,Data_Object_0820,,
do-0821,DataObject,Data_Object_0821,,
do-0822,DataObject,Data_Object_0822,,
do-0823,DataObject,Data_Object_0823,,
do-0824,DataObject,Data_Object_0824,,
do-0825,DataObject,Data_Object_0825,,
do-0826,DataObject,Data_Object_0826,,
do-0827,DataObject,Data_Object_0827,,
do-0828,DataObject,Data_Object_0828,,
do-0829,DataObject,Data_Object_0829,,
do-0830,DataObject,Data_Object_0830,,
do-0831,DataObject,Data_Object_0831,,
do-0832,DataObject,Data_Object_0832,,
do-0833,DataObject,Data_Object_0833,,
do-0834,DataObject,Data_Object_0834,,
do-0835,DataObject,Data_Object_0835,,
do-0836,DataObject,Data_Object_0836,,
do-0837,DataObject,Data_Object_0837,,
do-0838,DataObject,Data_Object_0838,,
do-0839,DataObject,Data_Object_0839,,
do-0840,DataObject,Data_Object_0840,,
do-0841,DataObject,Data_Object_0841,,
do-0842,DataObject,Data_Object_0842,,
do-0843,DataObject,Data_Object_0843,,
do-0844,DataObject,Data_Object_0844,,
do-0845,DataObject,Data_Object_0845,,
do-0846,DataObject,Data_Object_0846,,
do-0847,DataObject,Data_Object_0847,,
do-0848,DataObject,Data_Object_0848,,
do-0849,DataObject,Data_Object_0849,,
do-0850,DataObject,Data_Object_0850,,
do-0851,DataObject,Data_Object_0851,,
do-0852,DataObject,Data_Object_0852,,
do-0853,DataObject,Data_Object_0853,,
do-0854,DataObject,Data_Object_0854,,
do-0855,DataObject,Data_Object_0855,,
do-0856,DataObject,Data_Object_0856,,
do-0857,DataObject,Data_Object_0857,,
do-0858,DataObject,Data_Object_0858,,
do-0859,DataObject,Data_Object_0859,,
do-0860,DataObject,Data_Object_0860,,
do-0861,DataObject,Data_Object_0861,,
do-0862,DataObject,Data_Object_0862,,
do-0863,DataObject,Data_Object_0863,,
do-0864,DataObject,Data_Object_0864,,
do-0865,DataObject,Data_Object_0865,,
do-0866,DataObject,Data_Object_0866,,
do-0867,DataObject,Data_Object_0867,,
do-0868,DataObject,Data_Object_0868,,
do-0869,DataObject,Data_Object_0869,,
do-0870,DataObject,Data_Object_0870,,
do-0871,DataObject,Data_Object_0871,,
do-0872,DataObject,Data_Object_0872,,
do-0873,DataObject,Data_Object_0873,,
do-0874,DataObject,Data_Object_0874,,
do-0875,DataObject,Data_Object_0875,,
do-0876,DataObject,Data_Object_0876,,
do-0877,DataObject,Data_Object_0877,,
do-0878,DataObject,Data_Object_0878,,
do-0879,DataObject,Data_Object_0879,,
do-0880,DataObject,Data_Object_0880,,
do-0881,DataObject,Data_Object_0881,,
do-0882,DataObject,Data_Object_0882,,
do-0883,DataObject,Data_Object_0883,,
do-0884,DataObject,Data_Object_0884,,
do-0885,DataObject,Data_Object_0885,,
do-0886,DataObject,Data_Object_0886,,
do-0887,DataObject,Data_Object_0887,,
do-0888,DataObject,Data_Object_0888,,
do-0889,DataObject,Data_Object_0889,,
do-0890,DataObject,Data_Object_0890,,
do-0891,DataObject,Data_Object_0891,,
do-0892,DataObject,Data_Object_0892,,
do-0893,DataObject,Data_Object_0893,,
do-0894,DataObject,Data_Object_0894,,
do-0895,DataObject,Data_Object_0895,,
do-0896,DataObject,Data_Object_0896,,
do-0897,DataObject,Data_Object_0897,,
do-0898,DataObject,Data_Object_0898,,
do-0899,DataObject,Data_Object_0899,,
do-0900,DataObject,Data_Object_0900,,
do-0901,DataObject,Data_Object_0901,,
do-0902,DataObject,Data_Object_0902,,
do-0903,DataObject,Data_Object_0903,,
do-0904,DataObject,Data_Object_0904,,
do-0905,DataObject,Data_Object_0905,,
do-0906,DataObject,Data_Object_0906,,
do-0907,DataObject,Data_Object_0907,,
do-0908,DataObject,Data_Object_0908,,
do-0909,DataObject,Data_Object_0909,,
do-0910,DataObject,Data_Object_0910,,
do-0911,DataObject,Data_Object_0911,,
do-0912,DataObject,Data_Object_0912,,
do-0913,DataObject,Data_Object_0913,,
do-0914,DataObject,Data_Object_0914,,
do-0915,DataObject,Data_Object_0915,,
do-0916,DataObject,Data_Object_0916,,
do-0917,DataObject,Data_Object_0917,,
do-0918,DataObject,Data_Object_0918,,
do-0919,DataObject,Data_Object_0919,,
do-0920,DataObject,Data_Object_0920,,
do-0921,DataObject,Data_Object_0921,,
do-0922,DataObject,Data_Object_0922,,
do-0923,DataObject,Data_Object_0923,,
do-0924,DataObject,Data_Object_0924,,
do-0925,DataObject,Data_Object_0925,,
do-0926,DataObject,Data_Object_0926,,
do-0927,DataObject,Data_Object_0927,,
do-0928,DataObject,Data_Object_0928,,
do-0929,DataObject,Data_Object_0929,,
do-0930,DataObject,Data_Object_0930,,
do-0931,DataObject,Data_Object_0931,,
do-0932,DataObject,Data_Object_0932,,
do-0933,DataObject,Data_Object_0933,,
do-0934,DataObject,Data_Object_0934,,
do-0935,DataObject,Data_Object_0935,,
do-0936,DataObject,Data_Object_0936,,
do-0937,DataObject,Data_Object_0937,,
do-0938,DataObject,Data_Object_0938,,
do-0939,DataObject,Data_Object_0939,,
do-0940,DataObject,Data_Object_0940,,
do-0941,DataObject,Data_Object_0941,,
do-0942,DataObject,Data_Object_0942,,
do-0943,DataObject,Data_Object_0943,,
do-0944,DataObject,Data_Object_0944,,
do-0945,DataObject,Data_Object_0945,,
do-0946,DataObject,Data_Object_0946,,
do-0947,DataObject,Data_Object_0947,,
do-0948,DataObject,Data_Object_0948,,
do-0949,DataObject,Data_Object_0949,,
do-0950,DataObject,Data_Object_0950,,
do-0951,DataObject,Data_Object_0951,,
do-0952,DataObject,Data_Object_0952,,
do-0953,DataObject,Data_Object_0953,,
do-0954,DataObject,Data_Object_0954,,
do-0955,DataObject,Data_Object_0955,,
do-0956,DataObject,Data_Object_0956,,
do-0957,DataObject,Data_Object_0957,,
do-0958,DataObject,Data_Object_0958,,
do-0959,DataObject,Data_Object_0959,,
do-0960,DataObject,Data_Object_0960,,
do-0961,DataObject,Data_Object_0961,,
do-0962,DataObject,Data_Object_0962,,
do-0963,DataObject,Data_Object_0963,,
do-0964,DataObject,Data_Object_0964,,
do-0965,DataObject,Data_Object_0965,,
do-0966,DataObject,Data_Object_0966,,
do-0967,DataObject,Data_Object_0967,,
do-0968,DataObject,Data_Object_0968,,
do-0969,DataObject,Data_Object_0969,,
do-0970,DataObject,Data_Object_0970,,
do-0971,DataObject,Data_Object_0971,,
do-0972,DataObject,Data_Object_0972,,
do-0973,DataObject,Data_Object_0973,,
do-0974,DataObject,Data_Object_0974,,
do-0975,DataObject,Data_Object_0975,,
do-0976,DataObject,Data_Object_0976,,
do-0977,DataObject,Data_Object_0977,,
do-0978,DataObject,Data_Object_0978,,
do-0979,DataObject,Data_Object_0979,,
do-0980,DataObject,Data_Object_0980,,
do-0981,DataObject,Data_Object_0981,,
do-0982,DataObject,Data_Object_0982,,
do-0983,DataObject,Data_Object_0983,,
do-0984,DataObject,Data_Object_0984,,
do-0985,DataObject,Data_Object_0985,,
do-0986,DataObject,Data_Object_0986,,
do-0987,DataObject,Data_Object_0987,,
do-0988,DataObject,Data_Object_0988,,
do-0989,DataObject,Data_Object_0989,,
do-0990,DataObject,Data_Object_0990,,
do-0991,DataObject,Data_Object_0991,,
do-0992,DataObject,Data_Object_0992,,
do-0993,DataObject,Data_Object_0993,,
do-0994,DataObject,Data_Object_0994,,
do-0995,DataObject,Data_Object_0995,,
do-0996,DataObject,Data_Object_0996,,
do-0997,DataObject,Data_Object_0997,,
do-0998,DataObject,Data_Object_0998,,
do-0999,DataObject,Data_Object_0999,,
do-1000,DataObject,Data_Object_1000,,
