ID,Type,Name,Documentation,Source,Target,Specialization
data_rel_0001,CompositionRelationship,,,dg-01,do-0001,
data_rel_0002,CompositionRelationship,,,dg-01,do-0002,
data_rel_0003,CompositionRelationship,,,dg-01,do-0003,
data_rel_0004,CompositionRelationship,,,dg-01,do-0004,
data_rel_0005,CompositionRelationship,,,dg-01,do-0005,
data_rel_0006,CompositionRelationship,,,dg-01,do-0006,
data_rel_0007,CompositionRelationship,,,dg-01,do-0007,
data_rel_0008,CompositionRelationship,,,dg-01,do-0008,
data_rel_0009,CompositionRelationship,,,dg-01,do-0009,
data_rel_0010,CompositionRelationship,,,dg-01,do-0010,
data_rel_0011,CompositionRelationship,,,dg-01,do-0011,
data_rel_0012,CompositionRelationship,,,dg-01,do-0012,
data_rel_0013,CompositionRelationship,,,dg-01,do-0013,
data_rel_0014,CompositionRelationship,,,dg-01,do-0014,
data_rel_0015,CompositionRelationship,,,dg-01,do-0015,
data_rel_0016,CompositionRelationship,,,dg-01,do-0016,
data_rel_0017,CompositionRelationship,,,dg-01,do-0017,
data_rel_0018,CompositionRelationship,,,dg-01,do-0018,
data_rel_0019,CompositionRelationship,,,dg-01,do-0019,
data_rel_0020,CompositionRelationship,,,dg-01,do-0020,
data_rel_0021,CompositionRelationship,,,dg-01,do-0021,
data_rel_0022,CompositionRelationship,,,dg-01,do-0022,
data_rel_0023,CompositionRelationship,,,dg-01,do-0023,
data_rel_0024,CompositionRelationship,,,dg-01,do-0024,
data_rel_0025,CompositionRelationship,,,dg-01,do-0025,
data_rel_0026,CompositionRelationship,,,dg-01,do-0026,
data_rel_0027,CompositionRelationship,,,dg-01,do-0027,
data_rel_0028,CompositionRelationship,,,dg-01,do-0028,
data_rel_0029,CompositionRelationship,,,dg-01,do-0029,
data_rel_0030,CompositionRelationship,,,dg-01,do-0030,
data_rel_0031,CompositionRelationship,,,dg-01,do-0031,
data_rel_0032,CompositionRelationship,,,dg-01,do-0032,
data_rel_0033,CompositionRelationship,,,dg-01,do-0033,
data_rel_0034,CompositionRelationship,,,dg-01,do-0034,
data_rel_0035,CompositionRelationship,,,dg-01,do-0035,
data_rel_0036,CompositionRelationship,,,dg-01,do-0036,
data_rel_0037,CompositionRelationship,,,dg-01,do-0037,
data_rel_0038,CompositionRelationship,,,dg-01,do-0038,
data_rel_0039,CompositionRelationship,,,dg-01,do-0039,
data_rel_0040,CompositionRelationship,,,dg-01,do-0040,
data_rel_0041,CompositionRelationship,,,dg-01,do-0041,
data_rel_0042,CompositionRelationship,,,dg-01,do-0042,
data_rel_0043,CompositionRelationship,,,dg-01,do-0043,
data_rel_0044,CompositionRelationship,,,dg-01,do-0044,
data_rel_0045,CompositionRelationship,,,dg-01,do-0045,
data_rel_0046,CompositionRelationship,,,dg-01,do-0046,
data_rel_0047,CompositionRelationship,,,dg-01,do-0047,
data_rel_0048,CompositionRelationship,,,dg-01,do-0048,
data_rel_0049,CompositionRelationship,,,dg-01,do-0049,
data_rel_0050,CompositionRelationship,,,dg-01,do-0050,
data_rel_0051,CompositionRelationship,,,dg-01,do-0051,
data_rel_0052,CompositionRelationship,,,dg-01,do-0052,
data_rel_0053,CompositionRelationship,,,dg-01,do-0053,
data_rel_0054,CompositionRelationship,,,dg-01,do-0054,
data_rel_0055,CompositionRelationship,,,dg-01,do-0055,
data_rel_0056,CompositionRelationship,,,dg-01,do-0056,
data_rel_0057,CompositionRelationship,,,dg-01,do-0057,
data_rel_0058,CompositionRelationship,,,dg-01,do-0058,
data_rel_0059,CompositionRelationship,,,dg-01,do-0059,
data_rel_0060,CompositionRelationship,,,dg-01,do-0060,
data_rel_0061,CompositionRelationship,,,dg-01,do-0061,
data_rel_0062,CompositionRelationship,,,dg-01,do-0062,
data_rel_0063,CompositionRelationship,,,dg-01,do-0063,
data_rel_0064,CompositionRelationship,,,dg-01,do-0064,
data_rel_0065,CompositionRelationship,,,dg-01,do-0065,
data_rel_0066,CompositionRelationship,,,dg-01,do-0066,
data_rel_0067,CompositionRelationship,,,dg-01,do-0067,
data_rel_0068,CompositionRelationship,,,dg-01,do-0068,
data_rel_0069,CompositionRelationship,,,dg-01,do-0069,
data_rel_0070,CompositionRelationship,,,dg-01,do-0070,
data_rel_0071,CompositionRelationship,,,dg-01,do-0071,
data_rel_0072,CompositionRelationship,,,dg-01,do-0072,
data_rel_0073,CompositionRelationship,,,dg-01,do-0073,
data_rel_0074,CompositionRelationship,,,dg-01,do-0074,
data_rel_0075,CompositionRelationship,,,dg-01,do-0075,
data_rel_0076,CompositionRelationship,,,dg-01,do-0076,
data_rel_0077,CompositionRelationship,,,dg-01,do-0077,
data_rel_0078,CompositionRelationship,,,dg-01,do-0078,
data_rel_0079,CompositionRelationship,,,dg-01,do-0079,
data_rel_0080,CompositionRelationship,,,dg-01,do-0080,
data_rel_0081,CompositionRelationship,,,dg-01,do-0081,
data_rel_0082,CompositionRelationship,,,dg-01,do-0082,
data_rel_0083,CompositionRelationship,,,dg-01,do-0083,
data_rel_0084,CompositionRelationship,,,dg-01,do-0084,
data_rel_0085,CompositionRelationship,,,dg-01,do-0085,
data_rel_0086,CompositionRelationship,,,dg-01,do-0086,
data_rel_0087,CompositionRelationship,,,dg-01,do-0087,
data_rel_0088,CompositionRelationship,,,dg-01,do-0088,
data_rel_0089,CompositionRelationship,,,dg-01,do-0089,
data_rel_0090,CompositionRelationship,,,dg-01,do-0090,
data_rel_0091,CompositionRelationship,,,dg-01,do-0091,
data_rel_0092,CompositionRelationship,,,dg-01,do-0092,
data_rel_0093,CompositionRelationship,,,dg-01,do-0093,
data_rel_0094,CompositionRelationship,,,dg-01,do-0094,
data_rel_0095,CompositionRelationship,,,dg-01,do-0095,
data_rel_0096,CompositionRelationship,,,dg-01,do-0096,
data_rel_0097,CompositionRelationship,,,dg-01,do-0097,
data_rel_0098,CompositionRelationship,,,dg-01,do-0098,
data_rel_0099,CompositionRelationship,,,dg-01,do-0099,
data_rel_0100,CompositionRelationship,,,dg-01,do-0100,
data_rel_0101,CompositionRelationship,,,dg-02,do-0101,
data_rel_0102,CompositionRelationship,,,dg-02,do-0102,
data_rel_0103,CompositionRelationship,,,dg-02,do-0103,
data_rel_0104,CompositionRelationship,,,dg-02,do-0104,
data_rel_0105,CompositionRelationship,,,dg-02,do-0105,
data_rel_0106,CompositionRelationship,,,dg-02,do-0106,
data_rel_0107,CompositionRelationship,,,dg-02,do-0107,
data_rel_0108,CompositionRelationship,,,dg-02,do-0108,
data_rel_0109,CompositionRelationship,,,dg-02,do-0109,
data_rel_0110,CompositionRelationship,,,dg-02,do-0110,
data_rel_0111,CompositionRelationship,,,dg-02,do-0111,
data_rel_0112,CompositionRelationship,,,dg-02,do-0112,
data_rel_0113,CompositionRelationship,,,dg-02,do-0113,
data_rel_0114,CompositionRelationship,,,dg-02,do-0114,
data_rel_0115,CompositionRelationship,,,dg-02,do-0115,
data_rel_0116,CompositionRelationship,,,dg-02,do-0116,
data_rel_0117,CompositionRelationship,,,dg-02,do-0117,
data_rel_0118,CompositionRelationship,,,dg-02,do-0118,
data_rel_0119,CompositionRelationship,,,dg-02,do-0119,
data_rel_0120,CompositionRelationship,,,dg-02,do-0120,
data_rel_0121,CompositionRelationship,,,dg-02,do-0121,
data_rel_0122,CompositionRelationship,,,dg-02,do-0122,
data_rel_0123,CompositionRelationship,,,dg-02,do-0123,
data_rel_0124,CompositionRelationship,,,dg-02,do-0124,
data_rel_0125,CompositionRelationship,,,dg-02,do-0125,
data_rel_0126,CompositionRelationship,,,dg-02,do-0126,
data_rel_0127,CompositionRelationship,,,dg-02,do-0127,
data_rel_0128,CompositionRelationship,,,dg-02,do-0128,
data_rel_0129,CompositionRelationship,,,dg-02,do-0129,
data_rel_0130,CompositionRelationship,,,dg-02,do-0130,
data_rel_0131,CompositionRelationship,,,dg-02,do-0131,
data_rel_0132,CompositionRelationship,,,dg-02,do-0132,
data_rel_0133,CompositionRelationship,,,dg-02,do-0133,
data_rel_0134,CompositionRelationship,,,dg-02,do-0134,
data_rel_0135,CompositionRelationship,,,dg-02,do-0135,
data_rel_0136,CompositionRelationship,,,dg-02,do-0136,
data_rel_0137,CompositionRelationship,,,dg-02,do-0137,
data_rel_0138,CompositionRelationship,,,dg-02,do-0138,
data_rel_0139,CompositionRelationship,,,dg-02,do-0139,
data_rel_0140,CompositionRelationship,,,dg-02,do-0140,
data_rel_0141,CompositionRelationship,,,dg-02,do-0141,
data_rel_0142,CompositionRelationship,,,dg-02,do-0142,
data_rel_0143,CompositionRelationship,,,dg-02,do-0143,
data_rel_0144,CompositionRelationship,,,dg-02,do-0144,
data_rel_0145,CompositionRelationship,,,dg-02,do-0145,
data_rel_0146,CompositionRelationship,,,dg-02,do-0146,
data_rel_0147,CompositionRelationship,,,dg-02,do-0147,
data_rel_0148,CompositionRelationship,,,dg-02,do-0148,
data_rel_0149,CompositionRelationship,,,dg-02,do-0149,
data_rel_0150,CompositionRelationship,,,dg-02,do-0150,
data_rel_0151,CompositionRelationship,,,dg-02,do-0151,
data_rel_0152,CompositionRelationship,,,dg-02,do-0152,
data_rel_0153,CompositionRelationship,,,dg-02,do-0153,
data_rel_0154,CompositionRelationship,,,dg-02,do-0154,
data_rel_0155,CompositionRelationship,,,dg-02,do-0155,
data_rel_0156,CompositionRelationship,,,dg-02,do-0156,
data_rel_0157,CompositionRelationship,,,dg-02,do-0157,
data_rel_0158,CompositionRelationship,,,dg-02,do-0158,
data_rel_0159,CompositionRelationship,,,dg-02,do-0159,
data_rel_0160,CompositionRelationship,,,dg-02,do-0160,
data_rel_0161,CompositionRelationship,,,dg-02,do-0161,
data_rel_0162,CompositionRelationship,,,dg-02,do-0162,
data_rel_0163,CompositionRelationship,,,dg-02,do-0163,
data_rel_0164,CompositionRelationship,,,dg-02,do-0164,
data_rel_0165,CompositionRelationship,,,dg-02,do-0165,
data_rel_0166,CompositionRelationship,,,dg-02,do-0166,
data_rel_0167,CompositionRelationship,,,dg-02,do-0167,
data_rel_0168,CompositionRelationship,,,dg-02,do-0168,
data_rel_0169,CompositionRelationship,,,dg-02,do-0169,
data_rel_0170,CompositionRelationship,,,dg-02,do-0170,
data_rel_0171,CompositionRelationship,,,dg-02,do-0171,
data_rel_0172,CompositionRelationship,,,dg-02,do-0172,
data_rel_0173,CompositionRelationship,,,dg-02,do-0173,
data_rel_0174,CompositionRelationship,,,dg-02,do-0174,
data_rel_0175,CompositionRelationship,,,dg-02,do-0175,
data_rel_0176,CompositionRelationship,,,dg-02,do-0176,
data_rel_0177,CompositionRelationship,,,dg-02,do-0177,
data_rel_0178,CompositionRelationship,,,dg-02,do-0178,
data_rel_0179,CompositionRelationship,,,dg-02,do-0179,
data_rel_0180,CompositionRelationship,,,dg-02,do-0180,
data_rel_0181,CompositionRelationship,,,dg-02,do-0181,
data_rel_0182,CompositionRelationship,,,dg-02,do-0182,
data_rel_0183,CompositionRelationship,,,dg-02,do-0183,
data_rel_0184,CompositionRelationship,,,dg-02,do-0184,
data_rel_0185,CompositionRelationship,,,dg-02,do-0185,
data_rel_0186,CompositionRelationship,,,dg-02,do-0186,
data_rel_0187,CompositionRelationship,,,dg-02,do-0187,
data_rel_0188,CompositionRelationship,,,dg-02,do-0188,
data_rel_0189,CompositionRelationship,,,dg-02,do-0189,
data_rel_0190,CompositionRelationship,,,dg-02,do-0190,
data_rel_0191,CompositionRelationship,,,dg-02,do-0191,
data_rel_0192,CompositionRelationship,,,dg-02,do-0192,
data_rel_0193,CompositionRelationship,,,dg-02,do-0193,
data_rel_0194,CompositionRelationship,,,dg-02,do-0194,
data_rel_0195,CompositionRelationship,,,dg-02,do-0195,
data_rel_0196,CompositionRelationship,,,dg-02,do-0196,
data_rel_0197,CompositionRelationship,,,dg-02,do-0197,
data_rel_0198,CompositionRelationship,,,dg-02,do-0198,
data_rel_0199,CompositionRelationship,,,dg-02,do-0199,
data_rel_0200,CompositionRelationship,,,dg-02,do-0200,
data_rel_0201,CompositionRelationship,,,dg-03,do-0201,
data_rel_0202,CompositionRelationship,,,dg-03,do-0202,
data_rel_0203,CompositionRelationship,,,dg-03,do-0203,
data_rel_0204,CompositionRelationship,,,dg-03,do-0204,
data_rel_0205,CompositionRelationship,,,dg-03,do-0205,
data_rel_0206,CompositionRelationship,,,dg-03,do-0206,
data_rel_0207,CompositionRelationship,,,dg-03,do-0207,
data_rel_0208,CompositionRelationship,,,dg-03,do-0208,
data_rel_0209,CompositionRelationship,,,dg-03,do-0209,
data_rel_0210,CompositionRelationship,,,dg-03,do-0210,
data_rel_0211,CompositionRelationship,,,dg-03,do-0211,
data_rel_0212,CompositionRelationship,,,dg-03,do-0212,
data_rel_0213,CompositionRelationship,,,dg-03,do-0213,
data_rel_0214,CompositionRelationship,,,dg-03,do-0214,
data_rel_0215,CompositionRelationship,,,dg-03,do-0215,
data_rel_0216,CompositionRelationship,,,dg-03,do-0216,
data_rel_0217,CompositionRelationship,,,dg-03,do-0217,
data_rel_0218,CompositionRelationship,,,dg-03,do-0218,
data_rel_0219,CompositionRelationship,,,dg-03,do-0219,
data_rel_0220,CompositionRelationship,,,dg-03,do-0220,
data_rel_0221,CompositionRelationship,,,dg-03,do-0221,
data_rel_0222,CompositionRelationship,,,dg-03,do-0222,
data_rel_0223,CompositionRelationship,,,dg-03,do-0223,
data_rel_0224,CompositionRelationship,,,dg-03,do-0224,
data_rel_0225,CompositionRelationship,,,dg-03,do-0225,
data_rel_0226,CompositionRelationship,,,dg-03,do-0226,
data_rel_0227,CompositionRelationship,,,dg-03,do-0227,
data_rel_0228,CompositionRelationship,,,dg-03,do-0228,
data_rel_0229,CompositionRelationship,,,dg-03,do-0229,
data_rel_0230,CompositionRelationship,,,dg-03,do-0230,
data_rel_0231,CompositionRelationship,,,dg-03,do-0231,
data_rel_0232,CompositionRelationship,,,dg-03,do-0232,
data_rel_0233,CompositionRelationship,,,dg-03,do-0233,
data_rel_0234,CompositionRelationship,,,dg-03,do-0234,
data_rel_0235,CompositionRelationship,,,dg-03,do-0235,
data_rel_0236,CompositionRelationship,,,dg-03,do-0236,
data_rel_0237,CompositionRelationship,,,dg-03,do-0237,
data_rel_0238,CompositionRelationship,,,dg-03,do-0238,
data_rel_0239,CompositionRelationship,,,dg-03,do-0239,
data_rel_0240,CompositionRelationship,,,dg-03,do-0240,
data_rel_0241,CompositionRelationship,,,dg-03,do-0241,
data_rel_0242,CompositionRelationship,,,dg-03,do-0242,
data_rel_0243,CompositionRelationship,,,dg-03,do-0243,
data_rel_0244,CompositionRelationship,,,dg-03,do-0244,
data_rel_0245,CompositionRelationship,,,dg-03,do-0245,
data_rel_0246,CompositionRelationship,,,dg-03,do-0246,
data_rel_0247,CompositionRelationship,,,dg-03,do-0247,
data_rel_0248,CompositionRelationship,,,dg-03,do-0248,
data_rel_0249,CompositionRelationship,,,dg-03,do-0249,
data_rel_0250,CompositionRelationship,,,dg-03,do-0250,
data_rel_0251,CompositionRelationship,,,dg-03,do-0251,
data_rel_0252,CompositionRelationship,,,dg-03,do-0252,
data_rel_0253,CompositionRelationship,,,dg-03,do-0253,
data_rel_0254,CompositionRelationship,,,dg-03,do-0254,
data_rel_0255,CompositionRelationship,,,dg-03,do-0255,
data_rel_0256,CompositionRelationship,,,dg-03,do-0256,
data_rel_0257,CompositionRelationship,,,dg-03,do-0257,
data_rel_0258,CompositionRelationship,,,dg-03,do-0258,
data_rel_0259,CompositionRelationship,,,dg-03,do-0259,
data_rel_0260,CompositionRelationship,,,dg-03,do-0260,
data_rel_0261,CompositionRelationship,,,dg-03,do-0261,
data_rel_0262,CompositionRelationship,,,dg-03,do-0262,
data_rel_0263,CompositionRelationship,,,dg-03,do-0263,
data_rel_0264,CompositionRelationship,,,dg-03,do-0264,
data_rel_0265,CompositionRelationship,,,dg-03,do-0265,
data_rel_0266,CompositionRelationship,,,dg-03,do-0266,
data_rel_0267,CompositionRelationship,,,dg-03,do-0267,
data_rel_0268,CompositionRelationship,,,dg-03,do-0268,
data_rel_0269,CompositionRelationship,,,dg-03,do-0269,
data_rel_0270,CompositionRelationship,,,dg-03,do-0270,
data_rel_0271,CompositionRelationship,,,dg-03,do-0271,
data_rel_0272,CompositionRelationship,,,dg-03,do-0272,
data_rel_0273,CompositionRelationship,,,dg-03,do-0273,
data_rel_0274,CompositionRelationship,,,dg-03,do-0274,
data_rel_0275,CompositionRelationship,,,dg-03,do-0275,
data_rel_0276,CompositionRelationship,,,dg-03,do-0276,
data_rel_0277,CompositionRelationship,,,dg-03,do-0277,
data_rel_0278,CompositionRelationship,,,dg-03,do-0278,
data_rel_0279,CompositionRelationship,,,dg-03,do-0279,
data_rel_0280,CompositionRelationship,,,dg-03,do-0280,
data_rel_0281,CompositionRelationship,,,dg-03,do-0281,
data_rel_0282,CompositionRelationship,,,dg-03,do-0282,
data_rel_0283,CompositionRelationship,,,dg-03,do-0283,
data_rel_0284,CompositionRelationship,,,dg-03,do-0284,
data_rel_0285,CompositionRelationship,,,dg-03,do-0285,
data_rel_0286,CompositionRelationship,,,dg-03,do-0286,
data_rel_0287,CompositionRelationship,,,dg-03,do-0287,
data_rel_0288,CompositionRelationship,,,dg-03,do-0288,
data_rel_0289,CompositionRelationship,,,dg-03,do-0289,
data_rel_0290,CompositionRelationship,,,dg-03,do-0290,
data_rel_0291,CompositionRelationship,,,dg-03,do-0291,
data_rel_0292,CompositionRelationship,,,dg-03,do-0292,
data_rel_0293,CompositionRelationship,,,dg-03,do-0293,
data_rel_0294,CompositionRelationship,,,dg-03,do-0294,
data_rel_0295,CompositionRelationship,,,dg-03,do-0295,
data_rel_0296,CompositionRelationship,,,dg-03,do-0296,
data_rel_0297,CompositionRelationship,,,dg-03,do-0297,
data_rel_0298,CompositionRelationship,,,dg-03,do-0298,
data_rel_0299,CompositionRelationship,,,dg-03,do-0299,
data_rel_0300,CompositionRelationship,,,dg-03,do-0300,
data_rel_0301,CompositionRelationship,,,dg-04,do-0301,
data_rel_0302,CompositionRelationship,,,dg-04,do-0302,
data_rel_0303,CompositionRelationship,,,dg-04,do-0303,
data_rel_0304,CompositionRelationship,,,dg-04,do-0304,
data_rel_0305,CompositionRelationship,,,dg-04,do-0305,
data_rel_0306,CompositionRelationship,,,dg-04,do-0306,
data_rel_0307,CompositionRelationship,,,dg-04,do-0307,
data_rel_0308,CompositionRelationship,,,dg-04,do-0308,
data_rel_0309,CompositionRelationship,,,dg-04,do-0309,
data_rel_0310,CompositionRelationship,,,dg-04,do-0310,
data_rel_0311,CompositionRelationship,,,dg-04,do-0311,
data_rel_0312,CompositionRelationship,,,dg-04,do-0312,
data_rel_0313,CompositionRelationship,,,dg-04,do-0313,
data_rel_0314,CompositionRelationship,,,dg-04,do-0314,
data_rel_0315,CompositionRelationship,,,dg-04,do-0315,
data_rel_0316,CompositionRelationship,,,dg-04,do-0316,
data_rel_0317,CompositionRelationship,,,dg-04,do-0317,
data_rel_0318,CompositionRelationship,,,dg-04,do-0318,
data_rel_0319,CompositionRelationship,,,dg-04,do-0319,
data_rel_0320,CompositionRelationship,,,dg-04,do-0320,
data_rel_0321,CompositionRelationship,,,dg-04,do-0321,
data_rel_0322,CompositionRelationship,,,dg-04,do-0322,
data_rel_0323,CompositionRelationship,,,dg-04,do-0323,
data_rel_0324,CompositionRelationship,,,dg-04,do-0324,
data_rel_0325,CompositionRelationship,,,dg-04,do-0325,
data_rel_0326,CompositionRelationship,,,dg-04,do-0326,
data_rel_0327,CompositionRelationship,,,dg-04,do-0327,
data_rel_0328,CompositionRelationship,,,dg-04,do-0328,
data_rel_0329,CompositionRelationship,,,dg-04,do-0329,
data_rel_0330,CompositionRelationship,,,dg-04,do-0330,
data_rel_0331,CompositionRelationship,,,dg-04,do-0331,
data_rel_0332,CompositionRelationship,,,dg-04,do-0332,
data_rel_0333,CompositionRelationship,,,dg-04,do-0333,
data_rel_0334,CompositionRelationship,,,dg-04,do-0334,
data_rel_0335,CompositionRelationship,,,dg-04,do-0335,
data_rel_0336,CompositionRelationship,,,dg-04,do-0336,
data_rel_0337,CompositionRelationship,,,dg-04,do-0337,
data_rel_0338,CompositionRelationship,,,dg-04,do-0338,
data_rel_0339,CompositionRelationship,,,dg-04,do-0339,
data_rel_0340,CompositionRelationship,,,dg-04,do-0340,
data_rel_0341,CompositionRelationship,,,dg-04,do-0341,
data_rel_0342,CompositionRelationship,,,dg-04,do-0342,
data_rel_0343,CompositionRelationship,,,dg-04,do-0343,
data_rel_0344,CompositionRelationship,,,dg-04,do-0344,
data_rel_0345,CompositionRelationship,,,dg-04,do-0345,
data_rel_0346,CompositionRelationship,,,dg-04,do-0346,
data_rel_0347,CompositionRelationship,,,dg-04,do-0347,
data_rel_0348,CompositionRelationship,,,dg-04,do-0348,
data_rel_0349,CompositionRelationship,,,dg-04,do-0349,
data_rel_0350,CompositionRelationship,,,dg-04,do-0350,
data_rel_0351,CompositionRelationship,,,dg-04,do-0351,
data_rel_0352,CompositionRelationship,,,dg-04,do-0352,
data_rel_0353,CompositionRelationship,,,dg-04,do-0353,
data_rel_0354,CompositionRelationship,,,dg-04,do-0354,
data_rel_0355,CompositionRelationship,,,dg-04,do-0355,
data_rel_0356,CompositionRelationship,,,dg-04,do-0356,
data_rel_0357,CompositionRelationship,,,dg-04,do-0357,
data_rel_0358,CompositionRelationship,,,dg-04,do-0358,
data_rel_0359,CompositionRelationship,,,dg-04,do-0359,
data_rel_0360,CompositionRelationship,,,dg-04,do-0360,
data_rel_0361,CompositionRelationship,,,dg-04,do-0361,
data_rel_0362,CompositionRelationship,,,dg-04,do-0362,
data_rel_0363,CompositionRelationship,,,dg-04,do-0363,
data_rel_0364,CompositionRelationship,,,dg-04,do-0364,
data_rel_0365,CompositionRelationship,,,dg-04,do-0365,
data_rel_0366,CompositionRelationship,,,dg-04,do-0366,
data_rel_0367,CompositionRelationship,,,dg-04,do-0367,
data_rel_0368,CompositionRelationship,,,dg-04,do-0368,
data_rel_0369,CompositionRelationship,,,dg-04,do-0369,
data_rel_0370,CompositionRelationship,,,dg-04,do-0370,
data_rel_0371,CompositionRelationship,,,dg-04,do-0371,
data_rel_0372,CompositionRelationship,,,dg-04,do-0372,
data_rel_0373,CompositionRelationship,,,dg-04,do-0373,
data_rel_0374,CompositionRelationship,,,dg-04,do-0374,
data_rel_0375,CompositionRelationship,,,dg-04,do-0375,
data_rel_0376,CompositionRelationship,,,dg-04,do-0376,
data_rel_0377,CompositionRelationship,,,dg-04,do-0377,
data_rel_0378,CompositionRelationship,,,dg-04,do-0378,
data_rel_0379,CompositionRelationship,,,dg-04,do-0379,
data_rel_0380,CompositionRelationship,,,dg-04,do-0380,
data_rel_0381,CompositionRelationship,,,dg-04,do-0381,
data_rel_0382,CompositionRelationship,,,dg-04,do-0382,
data_rel_0383,CompositionRelationship,,,dg-04,do-0383,
data_rel_0384,CompositionRelationship,,,dg-04,do-0384,
data_rel_0385,CompositionRelationship,,,dg-04,do-0385,
data_rel_0386,CompositionRelationship,,,dg-04,do-0386,
data_rel_0387,CompositionRelationship,,,dg-04,do-0387,
data_rel_0388,CompositionRelationship,,,dg-04,do-0388,
data_rel_0389,CompositionRelationship,,,dg-04,do-0389,
data_rel_0390,CompositionRelationship,,,dg-04,do-0390,
data_rel_0391,CompositionRelationship,,,dg-04,do-0391,
data_rel_0392,CompositionRelationship,,,dg-04,do-0392,
data_rel_0393,CompositionRelationship,,,dg-04,do-0393,
data_rel_0394,CompositionRelationship,,,dg-04,do-0394,
data_rel_0395,CompositionRelationship,,,dg-04,do-0395,
data_rel_0396,CompositionRelationship,,,dg-04,do-0396,
data_rel_0397,CompositionRelationship,,,dg-04,do-0397,
data_rel_0398,CompositionRelationship,,,dg-04,do-0398,
data_rel_0399,CompositionRelationship,,,dg-04,do-0399,
data_rel_0400,CompositionRelationship,,,dg-04,do-0400,
data_rel_0401,CompositionRelationship,,,dg-05,do-0401,
data_rel_0402,CompositionRelationship,,,dg-05,do-0402,
data_rel_0403,CompositionRelationship,,,dg-05,do-0403,
data_rel_0404,CompositionRelationship,,,dg-05,do-0404,
data_rel_0405,CompositionRelationship,,,dg-05,do-0405,
data_rel_0406,CompositionRelationship,,,dg-05,do-0406,
data_rel_0407,CompositionRelationship,,,dg-05,do-0407,
data_rel_0408,CompositionRelationship,,,dg-05,do-0408,
data_rel_0409,CompositionRelationship,,,dg-05,do-0409,
data_rel_0410,CompositionRelationship,,,dg-05,do-0410,
data_rel_0411,CompositionRelationship,,,dg-05,do-0411,
data_rel_0412,CompositionRelationship,,,dg-05,do-0412,
data_rel_0413,CompositionRelationship,,,dg-05,do-0413,
data_rel_0414,CompositionRelationship,,,dg-05,do-0414,
data_rel_0415,CompositionRelationship,,,dg-05,do-0415,
data_rel_0416,CompositionRelationship,,,dg-05,do-0416,
data_rel_0417,CompositionRelationship,,,dg-05,do-0417,
data_rel_0418,CompositionRelationship,,,dg-05,do-0418,
data_rel_0419,CompositionRelationship,,,dg-05,do-0419,
data_rel_0420,CompositionRelationship,,,dg-05,do-0420,
data_rel_0421,CompositionRelationship,,,dg-05,do-0421,
data_rel_0422,CompositionRelationship,,,dg-05,do-0422,
data_rel_0423,CompositionRelationship,,,dg-05,do-0423,
data_rel_0424,CompositionRelationship,,,dg-05,do-0424,
data_rel_0425,CompositionRelationship,,,dg-05,do-0425,
data_rel_0426,CompositionRelationship,,,dg-05,do-0426,
data_rel_0427,CompositionRelationship,,,dg-05,do-0427,
data_rel_0428,CompositionRelationship,,,dg-05,do-0428,
data_rel_0429,CompositionRelationship,,,dg-05,do-0429,
data_rel_0430,CompositionRelationship,,,dg-05,do-0430,
data_rel_0431,CompositionRelationship,,,dg-05,do-0431,
data_rel_0432,CompositionRelationship,,,dg-05,do-0432,
data_rel_0433,CompositionRelationship,,,dg-05,do-0433,
data_rel_0434,CompositionRelationship,,,dg-05,do-0434,
data_rel_0435,CompositionRelationship,,,dg-05,do-0435,
data_rel_0436,CompositionRelationship,,,dg-05,do-0436,
data_rel_0437,CompositionRelationship,,,dg-05,do-0437,
data_rel_0438,CompositionRelationship,,,dg-05,do-0438,
data_rel_0439,CompositionRelationship,,,dg-05,do-0439,
data_rel_0440,CompositionRelationship,,,dg-05,do-0440,
data_rel_0441,CompositionRelationship,,,dg-05,do-0441,
data_rel_0442,CompositionRelationship,,,dg-05,do-0442,
data_rel_0443,CompositionRelationship,,,dg-05,do-0443,
data_rel_0444,CompositionRelationship,,,dg-05,do-0444,
data_rel_0445,CompositionRelationship,,,dg-05,do-0445,
data_rel_0446,CompositionRelationship,,,dg-05,do-0446,
data_rel_0447,CompositionRelationship,,,dg-05,do-0447,
data_rel_0448,CompositionRelationship,,,dg-05,do-0448,
data_rel_0449,CompositionRelationship,,,dg-05,do-0449,
data_rel_0450,CompositionRelationship,,,dg-05,do-0450,
data_rel_0451,CompositionRelationship,,,dg-05,do-0451,
data_rel_0452,CompositionRelationship,,,dg-05,do-0452,
data_rel_0453,CompositionRelationship,,,dg-05,do-0453,
data_rel_0454,CompositionRelationship,,,dg-05,do-0454,
data_rel_0455,CompositionRelationship,,,dg-05,do-0455,
data_rel_0456,CompositionRelationship,,,dg-05,do-0456,
data_rel_0457,CompositionRelationship,,,dg-05,do-0457,
data_rel_0458,CompositionRelationship,,,dg-05,do-0458,
data_rel_0459,CompositionRelationship,,,dg-05,do-0459,
data_rel_0460,CompositionRelationship,,,dg-05,do-0460,
data_rel_0461,CompositionRelationship,,,dg-05,do-0461,
data_rel_0462,CompositionRelationship,,,dg-05,do-0462,
data_rel_0463,CompositionRelationship,,,dg-05,do-0463,
data_rel_0464,CompositionRelationship,,,dg-05,do-0464,
data_rel_0465,CompositionRelationship,,,dg-05,do-0465,
data_rel_0466,CompositionRelationship,,,dg-05,do-0466,
data_rel_0467,CompositionRelationship,,,dg-05,do-0467,
data_rel_0468,CompositionRelationship,,,dg-05,do-0468,
data_rel_0469,CompositionRelationship,,,dg-05,do-0469,
data_rel_0470,CompositionRelationship,,,dg-05,do-0470,
data_rel_0471,CompositionRelationship,,,dg-05,do-0471,
data_rel_0472,CompositionRelationship,,,dg-05,do-0472,
data_rel_0473,CompositionRelationship,,,dg-05,do-0473,
data_rel_0474,CompositionRelationship,,,dg-05,do-0474,
data_rel_0475,CompositionRelationship,,,dg-05,do-0475,
data_rel_0476,CompositionRelationship,,,dg-05,do-0476,
data_rel_0477,CompositionRelationship,,,dg-05,do-0477,
data_rel_0478,CompositionRelationship,,,dg-05,do-0478,
data_rel_0479,CompositionRelationship,,,dg-05,do-0479,
data_rel_0480,CompositionRelationship,,,dg-05,do-0480,
data_rel_0481,CompositionRelationship,,,dg-05,do-0481,
data_rel_0482,CompositionRelationship,,,dg-05,do-0482,
data_rel_0483,CompositionRelationship,,,dg-05,do-0483,
data_rel_0484,CompositionRelationship,,,dg-05,do-0484,
data_rel_0485,CompositionRelationship,,,dg-05,do-0485,
data_rel_0486,CompositionRelationship,,,dg-05,do-0486,
data_rel_0487,CompositionRelationship,,,dg-05,do-0487,
data_rel_0488,CompositionRelationship,,,dg-05,do-0488,
data_rel_0489,CompositionRelationship,,,dg-05,do-0489,
data_rel_0490,CompositionRelationship,,,dg-05,do-0490,
data_rel_0491,CompositionRelationship,,,dg-05,do-0491,
data_rel_0492,CompositionRelationship,,,dg-05,do-0492,
data_rel_0493,CompositionRelationship,,,dg-05,do-0493,
data_rel_0494,CompositionRelationship,,,dg-05,do-0494,
data_rel_0495,CompositionRelationship,,,dg-05,do-0495,
data_rel_0496,CompositionRelationship,,,dg-05,do-0496,
data_rel_0497,CompositionRelationship,,,dg-05,do-0497,
data_rel_0498,CompositionRelationship,,,dg-05,do-0498,
data_rel_0499,CompositionRelationship,,,dg-05,do-0499,
data_rel_0500,CompositionRelationship,,,dg-05,do-0500,
data_rel_0501,CompositionRelationship,,,dg-06,do-0501,
data_rel_0502,CompositionRelationship,,,dg-06,do-0502,
data_rel_0503,CompositionRelationship,,,dg-06,do-0503,
data_rel_0504,CompositionRelationship,,,dg-06,do-0504,
data_rel_0505,CompositionRelationship,,,dg-06,do-0505,
data_rel_0506,CompositionRelationship,,,dg-06,do-0506,
data_rel_0507,CompositionRelationship,,,dg-06,do-0507,
data_rel_0508,CompositionRelationship,,,dg-06,do-0508,
data_rel_0509,CompositionRelationship,,,dg-06,do-0509,
data_rel_0510,CompositionRelationship,,,dg-06,do-0510,
data_rel_0511,CompositionRelationship,,,dg-06,do-0511,
data_rel_0512,CompositionRelationship,,,dg-06,do-0512,
data_rel_0513,CompositionRelationship,,,dg-06,do-0513,
data_rel_0514,CompositionRelationship,,,dg-06,do-0514,
data_rel_0515,CompositionRelationship,,,dg-06,do-0515,
data_rel_0516,CompositionRelationship,,,dg-06,do-0516,
data_rel_0517,CompositionRelationship,,,dg-06,do-0517,
data_rel_0518,CompositionRelationship,,,dg-06,do-0518,
data_rel_0519,CompositionRelationship,,,dg-06,do-0519,
data_rel_0520,CompositionRelationship,,,dg-06,do-0520,
data_rel_0521,CompositionRelationship,,,dg-06,do-0521,
data_rel_0522,CompositionRelationship,,,dg-06,do-0522,
data_rel_0523,CompositionRelationship,,,dg-06,do-0523,
data_rel_0524,CompositionRelationship,,,dg-06,do-0524,
data_rel_0525,CompositionRelationship,,,dg-06,do-0525,
data_rel_0526,CompositionRelationship,,,dg-06,do-0526,
data_rel_0527,CompositionRelationship,,,dg-06,do-0527,
data_rel_0528,CompositionRelationship,,,dg-06,do-0528,
data_rel_0529,CompositionRelationship,,,dg-06,do-0529,
data_rel_0530,CompositionRelationship,,,dg-06,do-0530,
data_rel_0531,CompositionRelationship,,,dg-06,do-0531,
data_rel_0532,CompositionRelationship,,,dg-06,do-0532,
data_rel_0533,CompositionRelationship,,,dg-06,do-0533,
data_rel_0534,CompositionRelationship,,,dg-06,do-0534,
data_rel_0535,CompositionRelationship,,,dg-06,do-0535,
data_rel_0536,CompositionRelationship,,,dg-06,do-0536,
data_rel_0537,CompositionRelationship,,,dg-06,do-0537,
data_rel_0538,CompositionRelationship,,,dg-06,do-0538,
data_rel_0539,CompositionRelationship,,,dg-06,do-0539,
data_rel_0540,CompositionRelationship,,,dg-06,do-0540,
data_rel_0541,CompositionRelationship,,,dg-06,do-0541,
data_rel_0542,CompositionRelationship,,,dg-06,do-0542,
data_rel_0543,CompositionRelationship,,,dg-06,do-0543,
data_rel_0544,CompositionRelationship,,,dg-06,do-0544,
data_rel_0545,CompositionRelationship,,,dg-06,do-0545,
data_rel_0546,CompositionRelationship,,,dg-06,do-0546,
data_rel_0547,CompositionRelationship,,,dg-06,do-0547,
data_rel_0548,CompositionRelationship,,,dg-06,do-0548,
data_rel_0549,CompositionRelationship,,,dg-06,do-0549,
data_rel_0550,CompositionRelationship,,,dg-06,do-0550,
data_rel_0551,CompositionRelationship,,,dg-06,do-0551,
data_rel_0552,CompositionRelationship,,,dg-06,do-0552,
data_rel_0553,CompositionRelationship,,,dg-06,do-0553,
data_rel_0554,CompositionRelationship,,,dg-06,do-0554,
data_rel_0555,CompositionRelationship,,,dg-06,do-0555,
data_rel_0556,CompositionRelationship,,,dg-06,do-0556,
data_rel_0557,CompositionRelationship,,,dg-06,do-0557,
data_rel_0558,CompositionRelationship,,,dg-06,do-0558,
data_rel_0559,CompositionRelationship,,,dg-06,do-0559,
data_rel_0560,CompositionRelationship,,,dg-06,do-0560,
data_rel_0561,CompositionRelationship,,,dg-06,do-0561,
data_rel_0562,CompositionRelationship,,,dg-06,do-0562,
data_rel_0563,CompositionRelationship,,,dg-06,do-0563,
data_rel_0564,CompositionRelationship,,,dg-06,do-0564,
data_rel_0565,CompositionRelationship,,,dg-06,do-0565,
data_rel_0566,CompositionRelationship,,,dg-06,do-0566,
data_rel_0567,CompositionRelationship,,,dg-06,do-0567,
data_rel_0568,CompositionRelationship,,,dg-06,do-0568,
data_rel_0569,CompositionRelationship,,,dg-06,do-0569,
data_rel_0570,CompositionRelationship,,,dg-06,do-0570,
data_rel_0571,CompositionRelationship,,,dg-06,do-0571,
data_rel_0572,CompositionRelationship,,,dg-06,do-0572,
data_rel_0573,CompositionRelationship,,,dg-06,do-0573,
data_rel_0574,CompositionRelationship,,,dg-06,do-0574,
data_rel_0575,CompositionRelationship,,,dg-06,do-0575,
data_rel_0576,CompositionRelationship,,,dg-06,do-0576,
data_rel_0577,CompositionRelationship,,,dg-06,do-0577,
data_rel_0578,CompositionRelationship,,,dg-06,do-0578,
data_rel_0579,CompositionRelationship,,,dg-06,do-0579,
data_rel_0580,CompositionRelationship,,,dg-06,do-0580,
data_rel_0581,CompositionRelationship,,,dg-06,do-0581,
data_rel_0582,CompositionRelationship,,,dg-06,do-0582,
data_rel_0583,CompositionRelationship,,,dg-06,do-0583,
data_rel_0584,CompositionRelationship,,,dg-06,do-0584,
data_rel_0585,CompositionRelationship,,,dg-06,do-0585,
data_rel_0586,CompositionRelationship,,,dg-06,do-0586,
data_rel_0587,CompositionRelationship,,,dg-06,do-0587,
data_rel_0588,CompositionRelationship,,,dg-06,do-0588,
data_rel_0589,CompositionRelationship,,,dg-06,do-0589,
data_rel_0590,CompositionRelationship,,,dg-06,do-0590,
data_rel_0591,CompositionRelationship,,,dg-06,do-0591,
data_rel_0592,CompositionRelationship,,,dg-06,do-0592,
data_rel_0593,CompositionRelationship,,,dg-06,do-0593,
data_rel_0594,CompositionRelationship,,,dg-06,do-0594,
data_rel_0595,CompositionRelationship,,,dg-06,do-0595,
data_rel_0596,CompositionRelationship,,,dg-06,do-0596,
data_rel_0597,CompositionRelationship,,,dg-06,do-0597,
data_rel_0598,CompositionRelationship,,,dg-06,do-0598,
data_rel_0599,CompositionRelationship,,,dg-06,do-0599,
data_rel_0600,CompositionRelationship,,,dg-06,do-0600,
data_rel_0601,CompositionRelationship,,,dg-07,do-0601,
data_rel_0602,CompositionRelationship,,,dg-07,do-0602,
data_rel_0603,CompositionRelationship,,,dg-07,do-0603,
data_rel_0604,CompositionRelationship,,,dg-07,do-0604,
data_rel_0605,CompositionRelationship,,,dg-07,do-0605,
data_rel_0606,CompositionRelationship,,,dg-07,do-0606,
data_rel_0607,CompositionRelationship,,,dg-07,do-0607,
data_rel_0608,CompositionRelationship,,,dg-07,do-0608,
data_rel_0609,CompositionRelationship,,,dg-07,do-0609,
data_rel_0610,CompositionRelationship,,,dg-07,do-0610,
data_rel_0611,CompositionRelationship,,,dg-07,do-0611,
data_rel_0612,CompositionRelationship,,,dg-07,do-0612,
data_rel_0613,CompositionRelationship,,,dg-07,do-0613,
data_rel_0614,CompositionRelationship,,,dg-07,do-0614,
data_rel_0615,CompositionRelationship,,,dg-07,do-0615,
data_rel_0616,CompositionRelationship,,,dg-07,do-0616,
data_rel_0617,CompositionRelationship,,,dg-07,do-0617,
data_rel_0618,CompositionRelationship,,,dg-07,do-0618,
data_rel_0619,CompositionRelationship,,,dg-07,do-0619,
data_rel_0620,CompositionRelationship,,,dg-07,do-0620,
data_rel_0621,CompositionRelationship,,,dg-07,do-0621,
data_rel_0622,CompositionRelationship,,,dg-07,do-0622,
data_rel_0623,CompositionRelationship,,,dg-07,do-0623,
data_rel_0624,CompositionRelationship,,,dg-07,do-0624,
data_rel_0625,CompositionRelationship,,,dg-07,do-0625,
data_rel_0626,CompositionRelationship,,,dg-07,do-0626,
data_rel_0627,CompositionRelationship,,,dg-07,do-0627,
data_rel_0628,CompositionRelationship,,,dg-07,do-0628,
data_rel_0629,CompositionRelationship,,,dg-07,do-0629,
data_rel_0630,CompositionRelationship,,,dg-07,do-0630,
data_rel_0631,CompositionRelationship,,,dg-07,do-0631,
data_rel_0632,CompositionRelationship,,,dg-07,do-0632,
data_rel_0633,CompositionRelationship,,,dg-07,do-0633,
data_rel_0634,CompositionRelationship,,,dg-07,do-0634,
data_rel_0635,CompositionRelationship,,,dg-07,do-0635,
data_rel_0636,CompositionRelationship,,,dg-07,do-0636,
data_rel_0637,CompositionRelationship,,,dg-07,do-0637,
data_rel_0638,CompositionRelationship,,,dg-07,do-0638,
data_rel_0639,CompositionRelationship,,,dg-07,do-0639,
data_rel_0640,CompositionRelationship,,,dg-07,do-0640,
data_rel_0641,CompositionRelationship,,,dg-07,do-0641,
data_rel_0642,CompositionRelationship,,,dg-07,do-0642,
data_rel_0643,CompositionRelationship,,,dg-07,do-0643,
data_rel_0644,CompositionRelationship,,,dg-07,do-0644,
data_rel_0645,CompositionRelationship,,,dg-07,do-0645,
data_rel_0646,CompositionRelationship,,,dg-07,do-0646,
data_rel_0647,CompositionRelationship,,,dg-07,do-0647,
data_rel_0648,CompositionRelationship,,,dg-07,do-0648,
data_rel_0649,CompositionRelationship,,,dg-07,do-0649,
data_rel_0650,CompositionRelationship,,,dg-07,do-0650,
data_rel_0651,CompositionRelationship,,,dg-07,do-0651,
data_rel_0652,CompositionRelationship,,,dg-07,do-0652,
data_rel_0653,CompositionRelationship,,,dg-07,do-0653,
data_rel_0654,CompositionRelationship,,,dg-07,do-0654,
data_rel_0655,CompositionRelationship,,,dg-07,do-0655,
data_rel_0656,CompositionRelationship,,,dg-07,do-0656,
data_rel_0657,CompositionRelationship,,,dg-07,do-0657,
data_rel_0658,CompositionRelationship,,,dg-07,do-0658,
data_rel_0659,CompositionRelationship,,,dg-07,do-0659,
data_rel_0660,CompositionRelationship,,,dg-07,do-0660,
data_rel_0661,CompositionRelationship,,,dg-07,do-0661,
data_rel_0662,CompositionRelationship,,,dg-07,do-0662,
data_rel_0663,CompositionRelationship,,,dg-07,do-0663,
data_rel_0664,CompositionRelationship,,,dg-07,do-0664,
data_rel_0665,CompositionRelationship,,,dg-07,do-0665,
data_rel_0666,CompositionRelationship,,,dg-07,do-0666,
data_rel_0667,CompositionRelationship,,,dg-07,do-0667,
data_rel_0668,CompositionRelationship,,,dg-07,do-0668,
data_rel_0669,CompositionRelationship,,,dg-07,do-0669,
data_rel_0670,CompositionRelationship,,,dg-07,do-0670,
data_rel_0671,CompositionRelationship,,,dg-07,do-0671,
data_rel_0672,CompositionRelationship,,,dg-07,do-0672,
data_rel_0673,CompositionRelationship,,,dg-07,do-0673,
data_rel_0674,CompositionRelationship,,,dg-07,do-0674,
data_rel_0675,CompositionRelationship,,,dg-07,do-0675,
data_rel_0676,CompositionRelationship,,,dg-07,do-0676,
data_rel_0677,CompositionRelationship,,,dg-07,do-0677,
data_rel_0678,CompositionRelationship,,,dg-07,do-0678,
data_rel_0679,CompositionRelationship,,,dg-07,do-0679,
data_rel_0680,CompositionRelationship,,,dg-07,do-0680,
data_rel_0681,CompositionRelationship,,,dg-07,do-0681,
data_rel_0682,CompositionRelationship,,,dg-07,do-0682,
data_rel_0683,CompositionRelationship,,,dg-07,do-0683,
data_rel_0684,CompositionRelationship,,,dg-07,do-0684,
data_rel_0685,CompositionRelationship,,,dg-07,do-0685,
data_rel_0686,CompositionRelationship,,,dg-07,do-0686,
data_rel_0687,CompositionRelationship,,,dg-07,do-0687,
data_rel_0688,CompositionRelationship,,,dg-07,do-0688,
data_rel_0689,CompositionRelationship,,,dg-07,do-0689,
data_rel_0690,CompositionRelationship,,,dg-07,do-0690,
data_rel_0691,CompositionRelationship,,,dg-07,do-0691,
data_rel_0692,CompositionRelationship,,,dg-07,do-0692,
data_rel_0693,CompositionRelationship,,,dg-07,do-0693,
data_rel_0694,CompositionRelationship,,,dg-07,do-0694,
data_rel_0695,CompositionRelationship,,,dg-07,do-0695,
data_rel_0696,CompositionRelationship,,,dg-07,do-0696,
data_rel_0697,CompositionRelationship,,,dg-07,do-0697,
data_rel_0698,CompositionRelationship,,,dg-07,do-0698,
data_rel_0699,CompositionRelationship,,,dg-07,do-0699,
data_rel_0700,CompositionRelationship,,,dg-07,do-0700,
data_rel_0701,CompositionRelationship,,,dg-08,do-0701,
data_rel_0702,CompositionRelationship,,,dg-08,do-0702,
data_rel_0703,CompositionRelationship,,,dg-08,do-0703,
data_rel_0704,CompositionRelationship,,,dg-08,do-0704,
data_rel_0705,CompositionRelationship,,,dg-08,do-0705,
data_rel_0706,CompositionRelationship,,,dg-08,do-0706,
data_rel_0707,CompositionRelationship,,,dg-08,do-0707,
data_rel_0708,CompositionRelationship,,,dg-08,do-0708,
data_rel_0709,CompositionRelationship,,,dg-08,do-0709,
data_rel_0710,CompositionRelationship,,,dg-08,do-0710,
data_rel_0711,CompositionRelationship,,,dg-08,do-0711,
data_rel_0712,CompositionRelationship,,,dg-08,do-0712,
data_rel_0713,CompositionRelationship,,,dg-08,do-0713,
data_rel_0714,CompositionRelationship,,,dg-08,do-0714,
data_rel_0715,CompositionRelationship,,,dg-08,do-0715,
data_rel_0716,CompositionRelationship,,,dg-08,do-0716,
data_rel_0717,CompositionRelationship,,,dg-08,do-0717,
data_rel_0718,CompositionRelationship,,,dg-08,do-0718,
data_rel_0719,CompositionRelationship,,,dg-08,do-0719,
data_rel_0720,CompositionRelationship,,,dg-08,do-0720,
data_rel_0721,CompositionRelationship,,,dg-08,do-0721,
data_rel_0722,CompositionRelationship,,,dg-08,do-0722,
data_rel_0723,CompositionRelationship,,,dg-08,do-0723,
data_rel_0724,CompositionRelationship,,,dg-08,do-0724,
data_rel_0725,CompositionRelationship,,,dg-08,do-0725,
data_rel_0726,CompositionRelationship,,,dg-08,do-0726,
data_rel_0727,CompositionRelationship,,,dg-08,do-0727,
data_rel_0728,CompositionRelationship,,,dg-08,do-0728,
data_rel_0729,CompositionRelationship,,,dg-08,do-0729,
data_rel_0730,CompositionRelationship,,,dg-08,do-0730,
data_rel_0731,CompositionRelationship,,,dg-08,do-0731,
data_rel_0732,CompositionRelationship,,,dg-08,do-0732,
data_rel_0733,CompositionRelationship,,,dg-08,do-0733,
data_rel_0734,CompositionRelationship,,,dg-08,do-0734,
data_rel_0735,CompositionRelationship,,,dg-08,do-0735,
data_rel_0736,CompositionRelationship,,,dg-08,do-0736,
data_rel_0737,CompositionRelationship,,,dg-08,do-0737,
data_rel_0738,CompositionRelationship,,,dg-08,do-0738,
data_rel_0739,CompositionRelationship,,,dg-08,do-0739,
data_rel_0740,CompositionRelationship,,,dg-08,do-0740,
data_rel_0741,CompositionRelationship,,,dg-08,do-0741,
data_rel_0742,CompositionRelationship,,,dg-08,do-0742,
data_rel_0743,CompositionRelationship,,,dg-08,do-0743,
data_rel_0744,CompositionRelationship,,,dg-08,do-0744,
data_rel_0745,CompositionRelationship,,,dg-08,do-0745,
data_rel_0746,CompositionRelationship,,,dg-08,do-0746,
data_rel_0747,CompositionRelationship,,,dg-08,do-0747,
data_rel_0748,CompositionRelationship,,,dg-08,do-0748,
data_rel_0749,CompositionRelationship,,,dg-08,do-0749,
data_rel_0750,CompositionRelationship,,,dg-08,do-0750,
data_rel_0751,CompositionRelationship,,,dg-08,do-0751,
data_rel_0752,CompositionRelationship,,,dg-08,do-0752,
data_rel_0753,CompositionRelationship,,,dg-08,do-0753,
data_rel_0754,CompositionRelationship,,,dg-08,do-0754,
data_rel_0755,CompositionRelationship,,,dg-08,do-0755,
data_rel_0756,CompositionRelationship,,,dg-08,do-0756,
data_rel_0757,CompositionRelationship,,,dg-08,do-0757,
data_rel_0758,CompositionRelationship,,,dg-08,do-0758,
data_rel_0759,CompositionRelationship,,,dg-08,do-0759,
data_rel_0760,CompositionRelationship,,,dg-08,do-0760,
data_rel_0761,CompositionRelationship,,,dg-08,do-0761,
data_rel_0762,CompositionRelationship,,,dg-08,do-0762,
data_rel_0763,CompositionRelationship,,,dg-08,do-0763,
data_rel_0764,CompositionRelationship,,,dg-08,do-0764,
data_rel_0765,CompositionRelationship,,,dg-08,do-0765,
data_rel_0766,CompositionRelationship,,,dg-08,do-0766,
data_rel_0767,CompositionRelationship,,,dg-08,do-0767,
data_rel_0768,CompositionRelationship,,,dg-08,do-0768,
data_rel_0769,CompositionRelationship,,,dg-08,do-0769,
data_rel_0770,CompositionRelationship,,,dg-08,do-0770,
data_rel_0771,CompositionRelationship,,,dg-08,do-0771,
data_rel_0772,CompositionRelationship,,,dg-08,do-0772,
data_rel_0773,CompositionRelationship,,,dg-08,do-0773,
data_rel_0774,CompositionRelationship,,,dg-08,do-0774,
data_rel_0775,CompositionRelationship,,,dg-08,do-0775,
data_rel_0776,CompositionRelationship,,,dg-08,do-0776,
data_rel_0777,CompositionRelationship,,,dg-08,do-0777,
data_rel_0778,CompositionRelationship,,,dg-08,do-0778,
data_rel_0779,CompositionRelationship,,,dg-08,do-0779,
data_rel_0780,CompositionRelationship,,,dg-08,do-0780,
data_rel_0781,CompositionRelationship,,,dg-08,do-0781,
data_rel_0782,CompositionRelationship,,,dg-08,do-0782,
data_rel_0783,CompositionRelationship,,,dg-08,do-0783,
data_rel_0784,CompositionRelationship,,,dg-08,do-0784,
data_rel_0785,CompositionRelationship,,,dg-08,do-0785,
data_rel_0786,CompositionRelationship,,,dg-08,do-0786,
data_rel_0787,CompositionRelationship,,,dg-08,do-0787,
data_rel_0788,CompositionRelationship,,,dg-08,do-0788,
data_rel_0789,CompositionRelationship,,,dg-08,do-0789,
data_rel_0790,CompositionRelationship,,,dg-08,do-0790,
data_rel_0791,CompositionRelationship,,,dg-08,do-0791,
data_rel_0792,CompositionRelationship,,,dg-08,do-0792,
data_rel_0793,CompositionRelationship,,,dg-08,do-0793,
data_rel_0794,CompositionRelationship,,,dg-08,do-0794,
data_rel_0795,CompositionRelationship,,,dg-08,do-0795,
data_rel_0796,CompositionRelationship,,,dg-08,do-0796,
data_rel_0797,CompositionRelationship,,,dg-08,do-0797,
data_rel_0798,CompositionRelationship,,,dg-08,do-0798,
data_rel_0799,CompositionRelationship,,,dg-08,do-0799,
data_rel_0800,CompositionRelationship,,,dg-08,do-0800,
data_rel_0801,CompositionRelationship,,,dg-09,do-0801,
data_rel_0802,CompositionRelationship,,,dg-09,do-0802,
data_rel_0803,CompositionRelationship,,,dg-09,do-0803,
data_rel_0804,CompositionRelationship,,,dg-09,do-0804,
data_rel_0805,CompositionRelationship,,,dg-09,do-0805,
data_rel_0806,CompositionRelationship,,,dg-09,do-0806,
data_rel_0807,CompositionRelationship,,,dg-09,do-0807,
data_rel_0808,CompositionRelationship,,,dg-09,do-0808,
data_rel_0809,CompositionRelationship,,,dg-09,do-0809,
data_rel_0810,CompositionRelationship,,,dg-09,do-0810,
data_rel_0811,CompositionRelationship,,,dg-09,do-0811,
data_rel_0812,CompositionRelationship,,,dg-09,do-0812,
data_rel_0813,CompositionRelationship,,,dg-09,do-0813,
data_rel_0814,CompositionRelationship,,,dg-09,do-0814,
data_rel_0815,CompositionRelationship,,,dg-09,do-0815,
data_rel_0816,CompositionRelationship,,,dg-09,do-0816,
data_rel_0817,CompositionRelationship,,,dg-09,do-0817,
data_rel_0818,CompositionRelationship,,,dg-09,do-0818,
data_rel_0819,CompositionRelationship,,,dg-09,do-0819,
data_rel_0820,CompositionRelationship,,,dg-09,do-0820,
data_rel_0821,CompositionRelationship,,,dg-09,do-0821,
data_rel_0822,CompositionRelationship,,,dg-09,do-0822,
data_rel_0823,CompositionRelationship,,,dg-09,do-0823,
data_rel_0824,CompositionRelationship,,,dg-09,do-0824,
data_rel_0825,CompositionRelationship,,,dg-09,do-0825,
data_rel_0826,CompositionRelationship,,,dg-09,do-0826,
data_rel_0827,CompositionRelationship,,,dg-09,do-0827,
data_rel_0828,CompositionRelationship,,,dg-09,do-0828,
data_rel_0829,CompositionRelationship,,,dg-09,do-0829,
data_rel_0830,CompositionRelationship,,,dg-09,do-0830,
data_rel_0831,CompositionRelationship,,,dg-09,do-0831,
data_rel_0832,CompositionRelationship,,,dg-09,do-0832,
data_rel_0833,CompositionRelationship,,,dg-09,do-0833,
data_rel_0834,CompositionRelationship,,,dg-09,do-0834,
data_rel_0835,CompositionRelationship,,,dg-09,do-0835,
data_rel_0836,CompositionRelationship,,,dg-09,do-0836,
data_rel_0837,CompositionRelationship,,,dg-09,do-0837,
data_rel_0838,CompositionRelationship,,,dg-09,do-0838,
data_rel_0839,CompositionRelationship,,,dg-09,do-0839,
data_rel_0840,CompositionRelationship,,,dg-09,do-0840,
data_rel_0841,CompositionRelationship,,,dg-09,do-0841,
data_rel_0842,CompositionRelationship,,,dg-09,do-0842,
data_rel_0843,CompositionRelationship,,,dg-09,do-0843,
data_rel_0844,CompositionRelationship,,,dg-09,do-0844,
data_rel_0845,CompositionRelationship,,,dg-09,do-0845,
data_rel_0846,CompositionRelationship,,,dg-09,do-0846,
data_rel_0847,CompositionRelationship,,,dg-09,do-0847,
data_rel_0848,CompositionRelationship,,,dg-09,do-0848,
data_rel_0849,CompositionRelationship,,,dg-09,do-0849,
data_rel_0850,CompositionRelationship,,,dg-09,do-0850,
data_rel_0851,CompositionRelationship,,,dg-09,do-0851,
data_rel_0852,CompositionRelationship,,,dg-09,do-0852,
data_rel_0853,CompositionRelationship,,,dg-09,do-0853,
data_rel_0854,CompositionRelationship,,,dg-09,do-0854,
data_rel_0855,CompositionRelationship,,,dg-09,do-0855,
data_rel_0856,CompositionRelationship,,,dg-09,do-0856,
data_rel_0857,CompositionRelationship,,,dg-09,do-0857,
data_rel_0858,CompositionRelationship,,,dg-09,do-0858,
data_rel_0859,CompositionRelationship,,,dg-09,do-0859,
data_rel_0860,CompositionRelationship,,,dg-09,do-0860,
data_rel_0861,CompositionRelationship,,,dg-09,do-0861,
data_rel_0862,CompositionRelationship,,,dg-09,do-0862,
data_rel_0863,CompositionRelationship,,,dg-09,do-0863,
data_rel_0864,CompositionRelationship,,,dg-09,do-0864,
data_rel_0865,CompositionRelationship,,,dg-09,do-0865,
data_rel_0866,CompositionRelationship,,,dg-09,do-0866,
data_rel_0867,CompositionRelationship,,,dg-09,do-0867,
data_rel_0868,CompositionRelationship,,,dg-09,do-0868,
data_rel_0869,CompositionRelationship,,,dg-09,do-0869,
data_rel_0870,CompositionRelationship,,,dg-09,do-0870,
data_rel_0871,CompositionRelationship,,,dg-09,do-0871,
data_rel_0872,CompositionRelationship,,,dg-09,do-0872,
data_rel_0873,CompositionRelationship,,,dg-09,do-0873,
data_rel_0874,CompositionRelationship,,,dg-09,do-0874,
data_rel_0875,CompositionRelationship,,,dg-09,do-0875,
data_rel_0876,CompositionRelationship,,,dg-09,do-0876,
data_rel_0877,CompositionRelationship,,,dg-09,do-0877,
data_rel_0878,CompositionRelationship,,,dg-09,do-0878,
data_rel_0879,CompositionRelationship,,,dg-09,do-0879,
data_rel_0880,CompositionRelationship,,,dg-09,do-0880,
data_rel_0881,CompositionRelationship,,,dg-09,do-0881,
data_rel_0882,CompositionRelationship,,,dg-09,do-0882,
data_rel_0883,CompositionRelationship,,,dg-09,do-0883,
data_rel_0884,CompositionRelationship,,,dg-09,do-0884,
data_rel_0885,CompositionRelationship,,,dg-09,do-0885,
data_rel_0886,CompositionRelationship,,,dg-09,do-0886,
data_rel_0887,CompositionRelationship,,,dg-09,do-0887,
data_rel_0888,CompositionRelationship,,,dg-09,do-0888,
data_rel_0889,CompositionRelationship,,,dg-09,do-0889,
data_rel_0890,CompositionRelationship,,,dg-09,do-0890,
data_rel_0891,CompositionRelationship,,,dg-09,do-0891,
data_rel_0892,CompositionRelationship,,,dg-09,do-0892,
data_rel_0893,CompositionRelationship,,,dg-09,do-0893,
data_rel_0894,CompositionRelationship,,,dg-09,do-0894,
data_rel_0895,CompositionRelationship,,,dg-09,do-0895,
data_rel_0896,CompositionRelationship,,,dg-09,do-0896,
data_rel_0897,CompositionRelationship,,,dg-09,do-0897,
data_rel_0898,CompositionRelationship,,,dg-09,do-0898,
data_rel_0899,CompositionRelationship,,,dg-09,do-0899,
data_rel_0900,CompositionRelationship,,,dg-09,do-0900,
data_rel_0901,CompositionRelationship,,,dg-10,do-0901,
data_rel_0902,CompositionRelationship,,,dg-10,do-0902,
data_rel_0903,CompositionRelationship,,,dg-10,do-0903,
data_rel_0904,CompositionRelationship,,,dg-10,do-0904,
data_rel_0905,CompositionRelationship,,,dg-10,do-0905,
data_rel_0906,CompositionRelationship,,,dg-10,do-0906,
data_rel_0907,CompositionRelationship,,,dg-10,do-0907,
data_rel_0908,CompositionRelationship,,,dg-10,do-0908,
data_rel_0909,CompositionRelationship,,,dg-10,do-0909,
data_rel_0910,CompositionRelationship,,,dg-10,do-0910,
data_rel_0911,CompositionRelationship,,,dg-10,do-0911,
data_rel_0912,CompositionRelationship,,,dg-10,do-0912,
data_rel_0913,CompositionRelationship,,,dg-10,do-0913,
data_rel_0914,CompositionRelationship,,,dg-10,do-0914,
data_rel_0915,CompositionRelationship,,,dg-10,do-0915,
data_rel_0916,CompositionRelationship,,,dg-10,do-0916,
data_rel_0917,CompositionRelationship,,,dg-10,do-0917,
data_rel_0918,CompositionRelationship,,,dg-10,do-0918,
data_rel_0919,CompositionRelationship,,,dg-10,do-0919,
data_rel_0920,CompositionRelationship,,,dg-10,do-0920,
data_rel_0921,CompositionRelationship,,,dg-10,do-0921,
data_rel_0922,CompositionRelationship,,,dg-10,do-0922,
data_rel_0923,CompositionRelationship,,,dg-10,do-0923,
data_rel_0924,CompositionRelationship,,,dg-10,do-0924,
data_rel_0925,CompositionRelationship,,,dg-10,do-0925,
data_rel_0926,CompositionRelationship,,,dg-10,do-0926,
data_rel_0927,CompositionRelationship,,,dg-10,do-0927,
data_rel_0928,CompositionRelationship,,,dg-10,do-0928,
data_rel_0929,CompositionRelationship,,,dg-10,do-0929,
data_rel_0930,CompositionRelationship,,,dg-10,do-0930,
data_rel_0931,CompositionRelationship,,,dg-10,do-0931,
data_rel_0932,CompositionRelationship,,,dg-10,do-0932,
data_rel_0933,CompositionRelationship,,,dg-10,do-0933,
data_rel_0934,CompositionRelationship,,,dg-10,do-0934,
data_rel_0935,CompositionRelationship,,,dg-10,do-0935,
data_rel_0936,CompositionRelationship,,,dg-10,do-0936,
data_rel_0937,CompositionRelationship,,,dg-10,do-0937,
data_rel_0938,CompositionRelationship,,,dg-10,do-0938,
data_rel_0939,CompositionRelationship,,,dg-10,do-0939,
data_rel_0940,CompositionRelationship,,,dg-10,do-0940,
data_rel_0941,CompositionRelationship,,,dg-10,do-0941,
data_rel_0942,CompositionRelationship,,,dg-10,do-0942,
data_rel_0943,CompositionRelationship,,,dg-10,do-0943,
data_rel_0944,CompositionRelationship,,,dg-10,do-0944,
data_rel_0945,CompositionRelationship,,,dg-10,do-0945,
data_rel_0946,CompositionRelationship,,,dg-10,do-0946,
data_rel_0947,CompositionRelationship,,,dg-10,do-0947,
data_rel_0948,CompositionRelationship,,,dg-10,do-0948,
data_rel_0949,CompositionRelationship,,,dg-10,do-0949,
data_rel_0950,CompositionRelationship,,,dg-10,do-0950,
data_rel_0951,CompositionRelationship,,,dg-10,do-0951,
data_rel_0952,CompositionRelationship,,,dg-10,do-0952,
data_rel_0953,CompositionRelationship,,,dg-10,do-0953,
data_rel_0954,CompositionRelationship,,,dg-10,do-0954,
data_rel_0955,CompositionRelationship,,,dg-10,do-0955,
data_rel_0956,CompositionRelationship,,,dg-10,do-0956,
data_rel_0957,CompositionRelationship,,,dg-10,do-0957,
data_rel_0958,CompositionRelationship,,,dg-10,do-0958,
data_rel_0959,CompositionRelationship,,,dg-10,do-0959,
data_rel_0960,CompositionRelationship,,,dg-10,do-0960,
data_rel_0961,CompositionRelationship,,,dg-10,do-0961,
data_rel_0962,CompositionRelationship,,,dg-10,do-0962,
data_rel_0963,CompositionRelationship,,,dg-10,do-0963,
data_rel_0964,CompositionRelationship,,,dg-10,do-0964,
data_rel_0965,CompositionRelationship,,,dg-10,do-0965,
data_rel_0966,CompositionRelationship,,,dg-10,do-0966,
data_rel_0967,CompositionRelationship,,,dg-10,do-0967,
data_rel_0968,CompositionRelationship,,,dg-10,do-0968,
data_rel_0969,CompositionRelationship,,,dg-10,do-0969,
data_rel_0970,CompositionRelationship,,,dg-10,do-0970,
data_rel_0971,CompositionRelationship,,,dg-10,do-0971,
data_rel_0972,CompositionRelationship,,,dg-10,do-0972,
data_rel_0973,CompositionRelationship,,,dg-10,do-0973,
data_rel_0974,CompositionRelationship,,,dg-10,do-0974,
data_rel_0975,CompositionRelationship,,,dg-10,do-0975,
data_rel_0976,CompositionRelationship,,,dg-10,do-0976,
data_rel_0977,CompositionRelationship,,,dg-10,do-0977,
data_rel_0978,CompositionRelationship,,,dg-10,do-0978,
data_rel_0979,CompositionRelationship,,,dg-10,do-0979,
data_rel_0980,CompositionRelationship,,,dg-10,do-0980,
data_rel_0981,CompositionRelationship,,,dg-10,do-0981,
data_rel_0982,CompositionRelationship,,,dg-10,do-0982,
data_rel_0983,CompositionRelationship,,,dg-10,do-0983,
data_rel_0984,CompositionRelationship,,,dg-10,do-0984,
data_rel_0985,CompositionRelationship,,,dg-10,do-0985,
data_rel_0986,CompositionRelationship,,,dg-10,do-0986,
data_rel_0987,CompositionRelationship,,,dg-10,do-0987,
data_rel_0988,CompositionRelationship,,,dg-10,do-0988,
data_rel_0989,CompositionRelationship,,,dg-10,do-0989,
data_rel_0990,CompositionRelationship,,,dg-10,do-0990,
data_rel_0991,CompositionRelationship,,,dg-10,do-0991,
data_rel_0992,CompositionRelationship,,,dg-10,do-0992,
data_rel_0993,CompositionRelationship,,,dg-10,do-0993,
data_rel_0994,CompositionRelationship,,,dg-10,do-0994,
data_rel_0995,CompositionRelationship,,,dg-10,do-0995,
data_rel_0996,CompositionRelationship,,,dg-10,do-0996,
data_rel_0997,CompositionRelationship,,,dg-10,do-0997,
data_rel_0998,CompositionRelationship,,,dg-10,do-0998,
data_rel_0999,CompositionRelationship,,,dg-10,do-0999,
data_rel_1000,CompositionRelationship,,,dg-10,do-1000,
